key,zh-cn,en-us
"Mobile.AccountManagement.title","账号管理","Account Management"
"Mobile.AgentDetail.albumPermissionSystemContent","选择图片需要访问你的相册，请在系统设置中开启相册权限","Selecting images needs access to your album. Please enable photo permission in system settings."
"Mobile.AgentDetail.albumPermissionTitle","需要相册权限","Album permission required"
"Mobile.AgentDetail.cameraPermissionSystemContent","拍照需要访问你的相机，请在系统设置中开启相机权限","Taking photos needs camera access. Please enable camera permission in system settings."
"Mobile.AgentDetail.cameraPermissionTitle","需要相机权限","Camera permission required"
"Mobile.AgentDetail.micPermissionSystemContent","录音功能需要访问你的麦克风，请在系统设置中开启录音权限","Recording needs microphone access. Please enable microphone permission in system settings."
"Mobile.AgentDetail.recognizeFailed","识别失败","Recognition failed"
"Mobile.AgentDetail.recordCancelled","已取消","Cancelled"
"Mobile.AgentDetail.recordStartFailed","录音启动失败","Failed to start recording"
"Mobile.AgentDev.downloadFailedWithCode","下载失败: {code}","Download failed: {code}"
"Mobile.AgentList.collectFailed","添加收藏失败","Failed to add to favorites"
"Mobile.AgentList.confirmDeleteAgent","你确认要删除该智能体吗？","Are you sure you want to delete this agent?"
"Mobile.AgentList.deleteFailed","删除失败","Delete failed"
"Mobile.AgentList.fetchAgentFailed","获取智能体列表失败","Failed to load agent list"
"Mobile.AgentList.fetchCategoryFailed","获取分类信息失败","Failed to load categories"
"Mobile.AgentList.paymentRequiredTag","付费","Paid"
"Mobile.AgentList.subscribedTag","已订阅","Subscribed"
"Mobile.AgentList.unCollectFailed","取消收藏失败","Failed to remove favorite"
"Mobile.AgentSearch.emptyResult","暂无结果","No results"
"Mobile.AgentSearch.fetchAgentFailed","获取智能体列表失败","Failed to load agents"
"Mobile.AgentSearch.fetchRecentUsedFailed","获取最近使用智能体列表失败","Failed to load recently used agents"
"Mobile.AgentSearch.pageAppPlaceholder","搜索应用","Search App"
"Mobile.AgentSearch.placeholder","搜索智能体","Search agents"
"Mobile.AgentUnion.fetchHomeAgentListFailed","获取主页智能体列表失败","Failed to load agents"
"Mobile.AgentUnion.searchPlaceholder","搜索智联录","Search Directory"
"Mobile.App.pressAgainToExit","再按一次退出应用","Press again to exit the app"
"Mobile.AppDev.allApps","全部应用","All Apps"
"Mobile.AppDev.homepageUrlEmpty","该应用暂无预览地址","This app has no preview URL"
"Mobile.AudioUploader.durationTooLong","录音时长过长，最多支持10分钟","Audio duration is too long. Maximum is 10 minutes."
"Mobile.AudioUploader.fileEmpty","音频文件为空","Audio file is empty"
"Mobile.AudioUploader.fileReadFailed","文件读取失败: {reason}","File read failed: {reason}"
"Mobile.AudioUploader.fileTooLarge","音频文件过大，请控制在10MB以内","File is too large. Please keep it under 10MB."
"Mobile.AudioUploader.fileTooLargeDuration","文件过大，请控制录音时长","File is too large. Please shorten the recording duration"
"Mobile.AudioUploader.formatNotSupported","音频格式不支持","Audio format is not supported"
"Mobile.AudioUploader.networkException","网络连接异常，请检查网络设置","Network connection error. Please check your network settings."
"Mobile.AudioUploader.networkFailed","网络请求失败","Network request failed"
"Mobile.AudioUploader.networkTimeout","网络连接超时，请检查网络设置","Network connection timed out. Please check your network settings"
"Mobile.AudioUploader.noTextRecognized","未识别到文字","No text recognized"
"Mobile.AudioUploader.pathRequired","音频文件路径不能为空","Audio file path is required"
"Mobile.AudioUploader.requestFailedWithCode","请求失败，状态码: {code}","Request failed with status code: {code}"
"Mobile.AudioUploader.responseParseFailed","响应数据解析失败","Failed to parse response data"
"Mobile.AudioUploader.serverError","服务器内部错误，请稍后重试","Internal server error. Please try again later"
"Mobile.AudioUploader.uploadFailed","上传失败","Upload failed"
"Mobile.Auth.accountLogin","账号登录","Account login"
"Mobile.Auth.agreementPrefix","已阅读并同意协议：","I have read and agree to the Terms:"
"Mobile.Auth.agreementSeparator","、",", "
"Mobile.Auth.back","返回","Back"
"Mobile.Auth.clipboardEmpty","剪贴板为空","Clipboard is empty"
"Mobile.Auth.clipboardGetFailed","获取剪贴板失败","Failed to get clipboard"
"Mobile.Auth.clipboardNotSixDigits","剪贴板内容不是6位数字验证码","Clipboard content is not a 6-digit code"
"Mobile.Auth.clipboardReadFailed","读取剪贴板失败","Failed to read clipboard"
"Mobile.Auth.codeAutoFilled","验证码已自动填充","Code auto-filled"
"Mobile.Auth.codeLoginRegister","验证码登录/注册","Sign In / Sign Up with Code"
"Mobile.Auth.codeSentSuccess","验证码发送成功","Verification code sent"
"Mobile.Auth.codeSentToEmailTarget","你的邮箱","your email"
"Mobile.Auth.codeSentToPhoneTarget","手机号","phone number"
"Mobile.Auth.codeSentToPrefix","验证码已发送至","Verification code sent to"
"Mobile.Auth.confirmPassword","请确认密码","Please confirm password"
"Mobile.Auth.defaultAreaCode","+86","+86"
"Mobile.Auth.domainValidateFailed","域名验证失败，请检查域名或网络后重试","Domain verification failed. Check the domain or network."
"Mobile.Auth.domainValidateSuccess","连接成功","Connected"
"Mobile.Auth.enterpriseLogin","企业版登录","Enterprise login"
"Mobile.Auth.getVerificationCode","获取验证码","Get code"
"Mobile.Auth.inputDomain","输入域名","Enter domain"
"Mobile.Auth.inputEmail","请输入邮箱","Please enter your email"
"Mobile.Auth.inputEmailCode","输入邮箱验证码","Enter email verification code"
"Mobile.Auth.inputPassword","请输入密码","Please enter your password"
"Mobile.Auth.inputPasswordAgain","请再次输入密码","Please re-enter your password"
"Mobile.Auth.inputPhone","请输入手机号","Please enter your phone number"
"Mobile.Auth.inputSmsCode","输入短信验证码","Enter SMS verification code"
"Mobile.Auth.inputUnifiedAccountPlaceholder","用户名/邮箱/手机号","Username / Email / Phone"
"Mobile.Auth.inputUnifiedAccountRequired","请输入用户名/邮箱/手机号","Please enter your username, email, or phone number"
"Mobile.Auth.inputVerifyCode","请输入验证码","Please enter the verification code"
"Mobile.Auth.invalidDomain","请输入合法的 HTTP 或 HTTPS 域名","Enter a valid HTTP or HTTPS domain"
"Mobile.Auth.invalidEmailFormat","请输入正确的邮箱格式","Please enter a valid email address"
"Mobile.Auth.invalidPhoneFormat","请输入正确的手机号格式","Please enter a valid phone number"
"Mobile.Auth.login","登录","Sign In"
"Mobile.Auth.loginFailed","登录失败","Sign in failed"
"Mobile.Auth.loginOrRegister","登录 / 注册","Log in / Sign up"
"Mobile.Auth.loginSuccess","登录成功","Sign in successful"
"Mobile.Auth.nextStep","下一步","Next"
"Mobile.Auth.oneClickLogin","一键登录","Quick Sign In"
"Mobile.Auth.passwordLogin","密码登录","Sign In with Password"
"Mobile.Auth.passwordMinLength","密码至少需要6个字符","Password must be at least 6 characters"
"Mobile.Auth.passwordMismatch","两次输入的密码不一致","Passwords do not match"
"Mobile.Auth.passwordSetFailed","密码设置失败，请重试","Failed to set password. Please try again."
"Mobile.Auth.passwordSetSuccess","密码设置成功","Password set successfully"
"Mobile.Auth.pasteSixDigits","请粘贴6位数字验证码","Please paste a 6-digit code"
"Mobile.Auth.personalLoginSwitched","已切换为个人版","Switched to Personal"
"Mobile.Auth.phoneLogin","手机号登录","Phone login"
"Mobile.Auth.phoneLoginRegister","手机号码登录/注册","Phone Sign In / Sign Up"
"Mobile.Auth.pleaseAgreeProtocol","请同意服务协议及隐私保护！","Please agree to the Terms and Privacy Policy."
"Mobile.Auth.privacyAgreement","隐私协议","Privacy Policy"
"Mobile.Auth.privacyAgreementLink","https://nuwax.com/privacy.html","https://nuwax.com/privacy.html"
"Mobile.Auth.resend","重新获取","Resend"
"Mobile.Auth.resendAfterSeconds","{seconds}s后","{seconds}s"
"Mobile.Auth.resendSuccess","重新发送成功","Code resent successfully"
"Mobile.Auth.sending","正在发送...","Sending..."
"Mobile.Auth.serviceAgreement","服务使用协议","Terms of Service"
"Mobile.Auth.setPasswordDesc","请至少使用6个字符。请勿使用你登录其他网站的密码或容易被猜到的密码","Use at least 6 characters. Do not use passwords from other websites or easily guessed passwords."
"Mobile.Auth.setPasswordTitle","密码设置","Set Password"
"Mobile.Auth.setting","设置中...","Setting up..."
"Mobile.Auth.switchPersonalLogin","切换为女娲个人版登录","Switch to Nuwax Personal"
"Mobile.Auth.userAgreementLink","https://nuwax.com/user-agreement.html","https://nuwax.com/user-agreement.html"
"Mobile.Auth.userCancelAuthorize","用户取消授权","Authorization canceled"
"Mobile.Auth.welcomeUse","欢迎使用{siteName}","Welcome to {siteName}"
"Mobile.ButtonWrapper.pagePathConfigError","页面路径配置错误","Invalid page path configuration"
"Mobile.ButtonWrapper.pagePathParamConfigError","页面路径参数配置错误","Invalid page path parameter configuration"
"Mobile.Chat.WorkTrace.detailCollapse","收起","Collapse"
"Mobile.Chat.WorkTrace.detailExitCode","退出码 {code}","Exit code {code}"
"Mobile.Chat.WorkTrace.detailExpand","展开","Expand"
"Mobile.Chat.WorkTrace.detailFailed","失败","Failed"
"Mobile.Chat.WorkTrace.detailFilesChanged","已编辑 {count} 个文件","Edited {count} files"
"Mobile.Chat.WorkTrace.detailInput","输入","Input"
"Mobile.Chat.WorkTrace.detailLineRange","第 {start}–{end} 行","Lines {start}-{end}"
"Mobile.Chat.WorkTrace.detailResult","结果","Result"
"Mobile.Chat.WorkTrace.detailRunning","运行中","Running"
"Mobile.Chat.WorkTrace.detailShell","Shell","Shell"
"Mobile.Chat.WorkTrace.detailSucceeded","成功","Succeeded"
"Mobile.Chat.WorkTrace.thinkDuration","持续了 {count} 秒","for {count}s"
"Mobile.Chat.WorkTrace.thinkingTitle","正在思考","Thinking"
"Mobile.Chat.WorkTrace.thoughtTitle","思考","Thought"
"Mobile.Chat.WorkTrace.timeHour","时","h"
"Mobile.Chat.WorkTrace.timeMinute","分","m"
"Mobile.Chat.WorkTrace.timeSecond","秒","s"
"Mobile.Chat.WorkTrace.todoCount","{count} 个待办","{count} todos"
"Mobile.Chat.WorkTrace.todoTitle","待办","To-dos"
"Mobile.Chat.WorkTrace.toolActionBrowserFailed","浏览页面失败","Failed to open pages"
"Mobile.Chat.WorkTrace.toolActionBrowserFinished","浏览了页面","Opened pages"
"Mobile.Chat.WorkTrace.toolActionBrowserRunning","正在浏览页面","Opening pages"
"Mobile.Chat.WorkTrace.toolActionFileCreateFailed","创建文件失败","Failed to create files"
"Mobile.Chat.WorkTrace.toolActionFileCreateFinished","创建了文件","Created files"
"Mobile.Chat.WorkTrace.toolActionFileCreateRunning","正在创建文件","Creating files"
"Mobile.Chat.WorkTrace.toolActionFileEditFailed","编辑文件失败","Failed to edit files"
"Mobile.Chat.WorkTrace.toolActionFileEditFinished","编辑了文件","Edited files"
"Mobile.Chat.WorkTrace.toolActionFileEditRunning","正在编辑文件","Editing files"
"Mobile.Chat.WorkTrace.toolActionFileReadFailed","读取文件失败","Failed to read files"
"Mobile.Chat.WorkTrace.toolActionFileReadFinished","读取了文件","Read files"
"Mobile.Chat.WorkTrace.toolActionFileReadRunning","正在读取文件","Reading files"
"Mobile.Chat.WorkTrace.toolActionGenericFailed","工具调用失败","Tool calls failed"
"Mobile.Chat.WorkTrace.toolActionGenericFinished","调用了工具","Called tools"
"Mobile.Chat.WorkTrace.toolActionGenericRunning","正在调用工具","Calling tools"
"Mobile.Chat.WorkTrace.toolActionPlanFailed","更新计划失败","Failed to update plan"
"Mobile.Chat.WorkTrace.toolActionPlanFinished","已更新计划","Updated plan"
"Mobile.Chat.WorkTrace.toolActionPlanRunning","正在更新计划","Updating plan"
"Mobile.Chat.WorkTrace.toolActionSearchFailed","搜索失败","Search failed"
"Mobile.Chat.WorkTrace.toolActionSearchFinished","搜索了内容","Searched"
"Mobile.Chat.WorkTrace.toolActionSearchRunning","正在搜索","Searching"
"Mobile.Chat.WorkTrace.toolActionSkillFailed","技能执行失败","Skill execution failed"
"Mobile.Chat.WorkTrace.toolActionSkillFinished","使用了技能","Used skills"
"Mobile.Chat.WorkTrace.toolActionSkillRunning","正在使用技能","Using skills"
"Mobile.Chat.WorkTrace.toolActionTerminalFailed","运行命令失败","Failed to run commands"
"Mobile.Chat.WorkTrace.toolActionTerminalFinished","运行了命令","Ran commands"
"Mobile.Chat.WorkTrace.toolActionTerminalRunning","正在运行命令","Running commands"
"Mobile.Chat.WorkTrace.toolGroupCountBrowser","浏览了 {count} 个页面","Visited {count} pages"
"Mobile.Chat.WorkTrace.toolGroupCountFileCreate","创建了 {count} 个文件","Created {count} files"
"Mobile.Chat.WorkTrace.toolGroupCountFileEdit","编辑了 {count} 个文件","Edited {count} files"
"Mobile.Chat.WorkTrace.toolGroupCountFileRead","读取了 {count} 个文件","Read {count} files"
"Mobile.Chat.WorkTrace.toolGroupCountGeneric","执行了 {count} 项操作","Performed {count} actions"
"Mobile.Chat.WorkTrace.toolGroupCountPlan","更新了 {count} 次计划","Updated plan {count} times"
"Mobile.Chat.WorkTrace.toolGroupCountSearch","搜索了 {count} 次","Searched {count} times"
"Mobile.Chat.WorkTrace.toolGroupCountSkill","调用了 {count} 次技能","Invoked {count} skills"
"Mobile.Chat.WorkTrace.toolGroupCountTerminal","运行了 {count} 条命令","Ran {count} commands"
"Mobile.Chat.WorkTrace.toolTargetFiles","{count} 个文件","{count} files"
"Mobile.Chat.WorkTrace.traceMetricElapsed","已工作 {time}","Worked {time}"
"Mobile.Chat.WorkTrace.traceMetricRunning","工作中 {time}","Working {time}"
"Mobile.Chat.WorkTrace.traceMetricTools","{count} 次工具调用","{count} tool calls"
"Mobile.Chat.WorkTrace.traceTitleProcessOnly","执行过程","Process"
"Mobile.Chat.agentModeAskDescription","部分工具调用前将询问用户是否同意","Some tool calls will ask for your approval first"
"Mobile.Chat.agentModeAskLabel","审批","Approval"
"Mobile.Chat.agentModeSelect","模式选择","Mode Selection"
"Mobile.Chat.agentModeYoloDescription","工具调用前将不会询问用户","Tools will run without asking first"
"Mobile.Chat.agentModeYoloLabel","自动","Auto"
"Mobile.Chat.aiGeneratedDisclaimer","内容由AI生成，请仔细甄别","AI-generated content, please verify carefully"
"Mobile.Chat.album","相册","Album"
"Mobile.Chat.callLimitLabel","可调用次数","Available Calls"
"Mobile.Chat.chooseImageFailed","选择图片失败: {reason}","Failed to select image: {reason}"
"Mobile.Chat.file","文件","File"
"Mobile.Chat.fileLimitReached","已经有 {count} 个文件了，请删除部分文件之后重新选择","You already have {count} files. Please delete some and reselect"
"Mobile.Chat.fileMaxSelect","最多只能选择 {count} 个文件","You can select up to {count} files."
"Mobile.Chat.fillRequiredParams","请填写必填参数","Please fill in required fields"
"Mobile.Chat.fontBold","加粗","Bold"
"Mobile.Chat.fontCode","代码","Code"
"Mobile.Chat.fontItalic","斜体","Italic"
"Mobile.Chat.fontStrike","删除线","Strikethrough"
"Mobile.Chat.fontUnderline","下划线","Underline"
"Mobile.Chat.imageLimitReached","已经有 {count} 张图片了，请删除部分图片之后重新选择","You already have {count} images. Please delete some and reselect"
"Mobile.Chat.imageMaxSelect","最多只能选择 {count} 张图片","You can select up to {count} images."
"Mobile.Chat.modelSelect","选择模型","Select Model"
"Mobile.Chat.noAgentPermission","您无该智能体权限","You do not have permission to access this agent"
"Mobile.Chat.previewTypeUnsupported","当前不支持预览该类型文件","This file type cannot be previewed"
"Mobile.Chat.removeUploadFailed","请先删除上传失败的图片或文件","Please remove any images or files that failed to upload before proceeding"
"Mobile.Chat.skill","技能","Skill"
"Mobile.Chat.subscriptionModalTitle","订阅计划","Subscription Plan"
"Mobile.Chat.subscriptionModalTitleTrial","选择订阅套餐（试用次数：{used}/{total}）","Select Subscription Plan (Trials: {used}/{total})"
"Mobile.Chat.subscriptionRequiredTip","请订阅或升级套餐后使用","Please subscribe or upgrade your plan to use"
"Mobile.Chat.takePhoto","拍照","Take Photo"
"Mobile.Chat.thinking","正在思考","Thinking"
"Mobile.Chat.thought","已思考","Thought"
"Mobile.Chat.timesPerMonth","次/月"," times/month"
"Mobile.Chat.toolsCollapse","收起","Collapse"
"Mobile.Chat.toolsExpand","展开","Expand"
"Mobile.Chat.unlimited","不限制","Unlimited"
"Mobile.Chat.uploadFileAlt","上传文件","Upload file"
"Mobile.Chat.uploadImageAlt","上传图片","Upload image"
"Mobile.Chat.viewTaskDetails","点击查看任务详情","View task details"
"Mobile.Common.agentIconAlt","智能体图标","Agent icon"
"Mobile.Common.agree","同意","Agree"
"Mobile.Common.all","全部","All"
"Mobile.Common.appLogoAlt","应用 Logo","App logo"
"Mobile.Common.appName","NuwaX","NuwaX"
"Mobile.Common.avatarAlt","头像","Avatar"
"Mobile.Common.cancel","取消","Cancel"
"Mobile.Common.comingSoon","敬请期待","Coming soon"
"Mobile.Common.confirm","确认","Confirm"
"Mobile.Common.conversationHistory","会话记录","Conversation History"
"Mobile.Common.conversations","会话","Chats"
"Mobile.Common.copyFailed","复制失败","Copy failed"
"Mobile.Common.copySuccess","复制成功","Copied"
"Mobile.Common.coverImageAlt","封面图","Cover image"
"Mobile.Common.delete","删除","Delete"
"Mobile.Common.deleteIconAlt","删除","Delete"
"Mobile.Common.deleting","删除中...","Deleting..."
"Mobile.Common.disagree","不同意","Disagree"
"Mobile.Common.from","来自","From"
"Mobile.Common.invalidInputString","输入为空或不是字符串","Input is empty or not a string"
"Mobile.Common.invalidJsonFormat","JSON格式错误","Invalid JSON format"
"Mobile.Common.loadMore","加载更多","Load more"
"Mobile.Common.loading","加载中...","Loading..."
"Mobile.Common.loginRegister","登录 / 注册","Sign In / Sign Up"
"Mobile.Common.menu","菜单","Menu"
"Mobile.Common.missingPathParam","缺少路径参数: {key}","Missing path parameter: {key}"
"Mobile.Common.networkRetry","网络错误，请重试","Network error. Please try again."
"Mobile.Common.nextPage","下一页","Next"
"Mobile.Common.noData","暂无数据","No data"
"Mobile.Common.noDataImageAlt","暂无数据插图","No data illustration"
"Mobile.Common.noMoreData","没有更多数据了","No more data"
"Mobile.Common.noticeExperience","当前展示为体验数据，登录后使用完整功能","You are viewing demo data. Sign in to access all features."
"Mobile.Common.ok","确定","OK"
"Mobile.Common.open","打开","Open"
"Mobile.Common.operationFailed","操作失败","Operation failed"
"Mobile.Common.optionSeparator","/","/"
"Mobile.Common.pageHome","页面首页","Home"
"Mobile.Common.pleaseInput","请输入","Please enter"
"Mobile.Common.pleaseSelect","请选择","Please select"
"Mobile.Common.prevPage","上一页","Previous"
"Mobile.Common.projects","项目","Projects"
"Mobile.Common.recentUsed","最近使用","Recently Used"
"Mobile.Common.requiredMark","*","*"
"Mobile.Common.restarting","重启中...","Restarting..."
"Mobile.Common.retry","重试","Retry"
"Mobile.Common.save","保存","Save"
"Mobile.Common.saving","保存中...","Saving..."
"Mobile.Common.skillIconAlt","技能图标","Skill icon"
"Mobile.Common.switchFailed","语言切换失败","Failed to switch language"
"Mobile.Common.switchSuccess","语言已更新","Language updated"
"Mobile.Common.switching","切换中...","Switching..."
"Mobile.Common.tasks","任务","Tasks"
"Mobile.Common.tip","提示","Tip"
"Mobile.Common.workspace","工作台","Workspace"
"Mobile.Components.HistoryConversationList.delete","删除","Delete"
"Mobile.Components.HistoryConversationList.deleteModalContent","本条会话数据将被永久删除，不可恢复及撤销。确定要删除吗？","This conversation will be permanently deleted and cannot be recovered. Are you sure you want to delete it?"
"Mobile.Components.HistoryConversationList.deleteModalTitle","永久删除会话","Delete Conversation"
"Mobile.Components.HistoryConversationList.deleteSuccess","删除成功","Deleted successfully"
"Mobile.Components.HistoryConversationList.rename","重命名","Rename"
"Mobile.Components.HistoryConversationList.renameModalTitle","修改名称","Rename"
"Mobile.Components.HistoryConversationList.renamePlaceholder","请输入新名称","Please enter a new name"
"Mobile.Components.HistoryConversationList.renameSuccess","修改成功","Renamed successfully"
"Mobile.Components.HistoryConversationList.renameTitleEmpty","标题不能为空","Title cannot be empty"
"Mobile.Components.HistoryConversationList.renameTitleTooLong","标题长度不能超过 50 个字符","Title cannot exceed 50 characters"
"Mobile.ConnectorList.connect","连接","Connect"
"Mobile.ConnectorList.connectSuccess","连接成功","Connected"
"Mobile.ConnectorList.connected","已连接","Connected"
"Mobile.ConnectorList.connectedTab","已连接","Connected"
"Mobile.ConnectorList.connectionMissing","连接信息缺失，无法切换状态","Connection details are unavailable"
"Mobile.ConnectorList.credentialHint","凭证将加密保存并用于建立连接","Credentials are encrypted and used to establish the connection"
"Mobile.ConnectorList.credentialMissing","凭证字段缺失，无法建立连接","Credential fields are unavailable"
"Mobile.ConnectorList.credentialRequired","请填写完整凭证","Complete all credential fields"
"Mobile.ConnectorList.disconnected","未连接","Disconnected"
"Mobile.ConnectorList.refreshQr","重新获取二维码","Refresh QR code"
"Mobile.ConnectorList.scanConnect","扫码连接","Scan to connect"
"Mobile.ConnectorList.scanHint","请扫描二维码并在授权端确认连接","Scan the QR code and confirm authorization"
"Mobile.ConnectorList.searchPlaceholder","搜索连接器","Search connectors"
"Mobile.Conversation.agentIdMissing","智能体ID不存在","Agent ID is missing"
"Mobile.Conversation.allConversations","全部会话","All conversations"
"Mobile.Conversation.archive","归档","Archive"
"Mobile.Conversation.archiveConfirm","确认归档该会话？归档后可在会话列表中取消归档恢复","Archive this conversation? You can unarchive it from the conversation list later"
"Mobile.Conversation.archiveSuccess","已归档","Archived"
"Mobile.Conversation.archivedConversations","已归档会话","Archived conversations"
"Mobile.Conversation.chatKeyRequired","会话链接Key不能为空","Chat link key cannot be empty"
"Mobile.Conversation.executing","执行中","Running"
"Mobile.Conversation.favorite","收藏","Favorite"
"Mobile.Conversation.favoriteSuccess","已添加到收藏","Added to favorites"
"Mobile.Conversation.idRequired","会话ID不能为空","Conversation ID cannot be empty"
"Mobile.Conversation.loadingHistory","正在加载历史会话","Loading conversation history"
"Mobile.Conversation.more","更多","More"
"Mobile.Conversation.moreInfo","更多信息","More info"
"Mobile.Conversation.mySubscription","我的订阅","My Subscription"
"Mobile.Conversation.newConversation","新建会话","New conversation"
"Mobile.Conversation.pin","置顶","Pin to Top"
"Mobile.Conversation.pinSuccess","已置顶","Pinned"
"Mobile.Conversation.projectEmpty","暂无项目","No projects yet"
"Mobile.Conversation.projectPendingApi","项目功能即将上线，敬请期待","Projects coming soon"
"Mobile.Conversation.relatedTitle","相关会话","Related conversations"
"Mobile.Conversation.settingsLocked","对话开始后，对话设置将无法修改。","Conversation settings cannot be changed after the conversation starts."
"Mobile.Conversation.settingsTitle","对话设置","Conversation Settings"
"Mobile.Conversation.share","分享","Share"
"Mobile.Conversation.startWithAgent","和{name}开始会话","Start chatting with {name}"
"Mobile.Conversation.unarchive","取消归档","Unarchive"
"Mobile.Conversation.unarchiveSuccess","已取消归档","Unarchived"
"Mobile.Conversation.unfavorite","取消收藏","Unfavorite"
"Mobile.Conversation.unfavoriteSuccess","已取消收藏","Unfavorited"
"Mobile.Conversation.unknownAgent","未知智能体","Unknown agent"
"Mobile.Conversation.unnamed","未命名会话","Untitled conversation"
"Mobile.Conversation.unpin","取消置顶","Unpin"
"Mobile.Conversation.unpinSuccess","已取消置顶","Unpinned"
"Mobile.Conversation.viewAll","查看全部","View all"
"Mobile.ConversationSearch.globalPlaceholder","搜索任务、项目、专家、技能等","Search tasks, projects, experts"
"Mobile.ConversationSearch.placeholder","搜索任务、项目、专家、技能等","Search tasks, projects, experts"
"Mobile.ConversationSearch.projectNoConversation","该项目暂无会话","This project has no conversations"
"Mobile.ConversationSearch.tabConnector","连接器","Connectors"
"Mobile.ConversationSearch.tabExpert","专家&专家团","Experts & Teams"
"Mobile.ConversationSearch.tabProject","项目","Projects"
"Mobile.ConversationSearch.tabRepo","资料库","Knowledge"
"Mobile.ConversationSearch.tabSkill","技能","Skills"
"Mobile.ConversationSearch.tabTask","任务","Tasks"
"Mobile.CreateHub.actionArtifact","产物","Artifacts"
"Mobile.CreateHub.actionDocument","文档处理","Documents"
"Mobile.CreateHub.actionMore","更多","More"
"Mobile.CreateHub.actionSlides","幻灯片","Slides"
"Mobile.CreateHub.appName","应用名称","App Name"
"Mobile.CreateHub.appNamePlaceholder","输入应用名称","Enter app name"
"Mobile.CreateHub.appNameRequired","请输入应用名称","Please enter an app name"
"Mobile.CreateHub.approvalMode","审批模式","Approval Mode"
"Mobile.CreateHub.autoCommit","变更自动提交","Auto Commit Changes"
"Mobile.CreateHub.backToParent","返回上级","Parent folder"
"Mobile.CreateHub.cloudComputer","云端电脑","Cloud Computer"
"Mobile.CreateHub.connector","连接器","Connectors"
"Mobile.CreateHub.createApp","创建应用","Create App"
"Mobile.CreateHub.createFullstackProject","新建全栈项目","New Full-stack Project"
"Mobile.CreateHub.createProject","创建项目","Create Project"
"Mobile.CreateHub.createProjectFailed","项目创建失败，请稍后重试","Failed to create project, please retry"
"Mobile.CreateHub.createProjectSuccess","项目创建成功","Project created"
"Mobile.CreateHub.createStandardProject","新建常规项目","New Standard Project"
"Mobile.CreateHub.createWebApp","新建网页应用","New Web App"
"Mobile.CreateHub.defaultWorkspace","默认工作空间","Default Workspace"
"Mobile.CreateHub.defaultWorkspaceDir","默认工作目录","Default working directory"
"Mobile.CreateHub.disclaimer","内容由 AI 生成","Content generated by AI"
"Mobile.CreateHub.emptyDir","空目录","Empty folder"
"Mobile.CreateHub.expertSelection","专家选择","Expert Selection"
"Mobile.CreateHub.heroSubtitle","与女娲 Nuwax 一起创造","Create with Nuwax"
"Mobile.CreateHub.heroTitle","开始，比想象简单","Starting is easier than you think"
"Mobile.CreateHub.homeDir","主目录","Home"
"Mobile.CreateHub.inputPlaceholder","发消息或按住说话","Message or hold to speak"
"Mobile.CreateHub.knowledgeBase","资料库","Knowledge Base"
"Mobile.CreateHub.mentionExpert","使用 @ 召唤专家","Use @ to Mention an Expert"
"Mobile.CreateHub.modeChat","对话任务","Chat Task"
"Mobile.CreateHub.modeProject","项目开发","Project"
"Mobile.CreateHub.modelScopePersonal","个人","Personal"
"Mobile.CreateHub.modelScopeSystem","系统","System"
"Mobile.CreateHub.modelScopeTeam","团队","Team"
"Mobile.CreateHub.noDefaultAgent","租户信息不存在","Tenant information not found"
"Mobile.CreateHub.noSpace","暂无可用空间","No space available"
"Mobile.CreateHub.openComputerFolder","打开电脑文件夹","Open computer folder"
"Mobile.CreateHub.phoneFiles","手机文件","Phone Files"
"Mobile.CreateHub.photoVideo","照片 / 视频","Photos / Videos"
"Mobile.CreateHub.pickCurrentDir","选择此目录","Select this folder"
"Mobile.CreateHub.pinnedAgentMissed","未能自动定位项目关联的智能体，请手动选择","Could not locate the project agent automatically. Please select one manually"
"Mobile.CreateHub.pinnedTypeLocked","该项目仅支持同类型智能体","Only matching agents are selectable for this project"
"Mobile.CreateHub.projectFullstack","全栈项目","Full-stack Project"
"Mobile.CreateHub.projectFullstackDesc","前后端多语言全栈项目开发","Build a multilingual full-stack project"
"Mobile.CreateHub.projectName","项目名称","Project Name"
"Mobile.CreateHub.projectNamePlaceholder","输入项目名称","Enter project name"
"Mobile.CreateHub.projectNameRequired","请输入项目名称","Please enter a project name"
"Mobile.CreateHub.projectStandard","常规项目","Standard Project"
"Mobile.CreateHub.projectStandardDesc","基于会话的各类项目开发","Build projects through conversation"
"Mobile.CreateHub.projectWeb","网页应用","Web App"
"Mobile.CreateHub.projectWebDesc","轻量级网页应用开发","Build a lightweight web application"
"Mobile.CreateHub.recentDirs","最近选择","Recent"
"Mobile.CreateHub.releaseToCancel","松开取消","Release to cancel"
"Mobile.CreateHub.releaseToSendSlideCancel","松手发送，上移取消","Release to send, slide up to cancel"
"Mobile.CreateHub.reloadDir","重新加载","Reload"
"Mobile.CreateHub.runtimeEnvironment","运行环境","Runtime Environment"
"Mobile.CreateHub.selectComputer","选择运行电脑","Select Computer"
"Mobile.CreateHub.selectSkill","使用 / 选择技能","Use / to Select a Skill"
"Mobile.CreateHub.selectWorkspaceDir","选择工作目录","Select Working Directory"
"Mobile.CreateHub.sendFailed","创建会话失败，请稍后重试","Failed to create conversation, please try again"
"Mobile.CreateHub.spaceSelect","选择空间","Select Space"
"Mobile.CreateHub.tools","工具","Tools"
"Mobile.CreateHub.useThisFolder","使用此文件夹","Use this folder"
"Mobile.CreateHub.versionManagement","产品版本管理","Version Management"
"Mobile.CreateHub.workspace","工作空间","Workspace"
"Mobile.CreditRecords.badgeDecrease","- 扣减","- Decrease"
"Mobile.CreditRecords.badgeIncrease","+ 增加","+ Increase"
"Mobile.CreditRecords.empty","暂无积分记录","No credit records"
"Mobile.CreditRecords.pageTitle","积分明细","Credit Details"
"Mobile.CreditRecords.remaining","剩余","Remaining"
"Mobile.CreditRecords.typeActivity","活动发放","Activity Grant"
"Mobile.CreditRecords.typeAgentCall","智能体调用","Agent Call"
"Mobile.CreditRecords.typeManual","系统发放","System Grant"
"Mobile.CreditRecords.typeManualDeduct","系统扣减","System Deduct"
"Mobile.CreditRecords.typeModelCall","TOKEN消耗","Token Consumption"
"Mobile.CreditRecords.typePurchase","增购","Purchase"
"Mobile.CreditRecords.typeSubscription","订阅发放","Subscription Grant"
"Mobile.CreditRecords.typeToolCall","工具调用","Tool Call"
"Mobile.Diff.editedFiles","已编辑 {count} 个文件","{count} file(s) edited"
"Mobile.ExpertList.capabilities","Capabilities","Capabilities"
"Mobile.ExpertList.recent","最近召唤","Recent"
"Mobile.ExpertList.searchPlaceholder","搜索专家","Search experts"
"Mobile.ExpertList.summon","召唤","Summon"
"Mobile.ExpertList.summoned","已召唤专家","Expert summoned"
"Mobile.ExpertList.system","系统广场","System Square"
"Mobile.ExpertList.team","团队空间","Team Space"
"Mobile.ExpertList.users","人使用","users"
"Mobile.FilePreview.documentRenderFailed","文档渲染失败","Document render failed"
"Mobile.FilePreview.getShareKeyFailed","获取分享链接失败","Failed to get share link"
"Mobile.FilePreview.invalidParams","会话ID或文件名不能为空","Conversation ID or file name cannot be empty"
"Mobile.FilePreview.previewPageLoadFailed","预览页面加载失败","Preview page failed to load"
"Mobile.FilePreview.shareDomainMissing","分享失败，无法获取当前域名","Share failed: current domain is unavailable"
"Mobile.FilePreview.wechatNotInstalled","未安装微信，请先安装微信","WeChat is not installed"
"Mobile.FileTree.downloadComplete","下载完成","Download complete"
"Mobile.FileTree.downloadFailedWithCode","下载失败: {code}","Download failed: {code}"
"Mobile.FileTree.downloadNetworkFailed","下载失败，请检查网络","Download failed. Please check your network."
"Mobile.FileTree.downloadServerError","下载失败：服务器返回错误","Download failed: server returned an error"
"Mobile.FileTree.downloading","下载中...","Downloading..."
"Mobile.FileTree.exportFailed","导出失败: {message}","Export failed: {message}"
"Mobile.FileTree.exportSuccess","导出成功！","Export successful!"
"Mobile.FileTree.exportUnknownError","导出过程中发生未知错误","An unknown error occurred during export"
"Mobile.FileTree.fileValidateFailed","文件验证失败","File validation failed"
"Mobile.FileTree.invalidConversationId","会话ID不存在或无效，无法导出","Conversation ID is invalid. Cannot export."
"Mobile.FileTree.linkFileNotSupported","该文件为链接文件，不支持预览","This link file cannot be previewed"
"Mobile.FileTree.noFiles","暂无文件","No files yet"
"Mobile.FileTree.openFailed","无法打开文件，请通过微信设置查看","Unable to open file. Please view it in WeChat settings"
"Mobile.FileTree.preparingDownload","准备下载...","Preparing download..."
"Mobile.FileTree.saveFailed","保存文件失败","Failed to save file"
"Mobile.FileTree.serverError","服务器返回错误","Server error"
"Mobile.FileTree.zipSavedContent","ZIP文件已保存成功！\n\n文件名：{fileName}\n文件路径：\n{filePath}\n\n提示：文件保存在小程序文件目录中，可通过微信设置中的小程序存储空间查看，或点击""打开""直接查看文件。","ZIP file saved successfully!\n\nFile Name: {fileName}\nFile Path:\n{filePath}\n\nTip: The file is saved in the mini-program directory. You can view it via WeChat storage settings or tap ""Open"" directly."
"Mobile.FileTree.zipSavedContentApp","ZIP文件已保存成功！\n\n文件名：{fileName}\n保存位置：\n{filePath}\n\n提示：文件已保存至系统的「下载/Download」文件夹，可在文件管理中查看，也可点击“打开”直接查看文件。","ZIP file saved successfully!\n\nFile Name: {fileName}\nSaved Location:\n{filePath}\n\nTip: The file is saved in the system Download folder. You can find it in your File Manager or tap ""Open"" to view it directly."
"Mobile.FileUploader.networkError","网络错误","Network error"
"Mobile.FileUploader.parseFailed","解析响应失败","Failed to parse response"
"Mobile.FileUploader.uploadFailed","上传失败","Upload failed"
"Mobile.Header.deleteAccount","注销账号","Close Account"
"Mobile.Header.deleteAccountConfirm","注销账号后，全部信息将会被移除，且无法找回。若确认注销，请在下方输入框中输入“{phrase}”。","Once your account is closed, all information will be removed and cannot be recovered. To confirm, type ""{phrase}"" in the field below."
"Mobile.Header.deleteAccountConfirmBtn","注销","Close"
"Mobile.Header.deleteAccountConfirmPhrase","确认注销","Confirm Closure"
"Mobile.Header.deleteAccountFailed","注销失败，请稍后重试","Failed to close account. Please try again later."
"Mobile.Header.deleteAccountSuccess","账号已注销","Account closed"
"Mobile.Header.deleteAccountTypeMismatch","请在输入框中输入“{phrase}”","Type ""{phrase}"" in the field to continue."
"Mobile.Header.logout","退出登录","Sign Out"
"Mobile.Header.logoutConfirm","确认退出登录吗？","Are you sure you want to sign out?"
"Mobile.Header.logoutFailed","退出失败","Sign out failed"
"Mobile.Header.logoutSuccess","退出成功","Signed out"
"Mobile.Header.myOrders","我的订单","My Orders"
"Mobile.Header.mySubscriptions","我的订阅","My Subscriptions"
"Mobile.Header.profile","个人资料","Profile"
"Mobile.Home.inputPlaceholder","输入消息或 @智能体","Type a message or @agent"
"Mobile.Home.pullToOpenDefaultAgent","继续下拉进入默认智能体","Pull down to open the default agent"
"Mobile.Home.releaseToOpenDefaultAgent","松开进入智能体详情","Release to open agent details"
"Mobile.Home.welcomeGeneric","嗨，今天做点什么呢","Hi, what shall we do today"
"Mobile.Home.welcomePrefix","嗨","Hi"
"Mobile.Home.welcomeSuffix","今天做点什么呢","what shall we do today"
"Mobile.ImagePreview.albumPermissionSaveContent","保存图片到相册需要访问你的相册，请在系统设置中开启相册权限","Saving images to the album needs access to your photos. Please enable photo permission in system settings."
"Mobile.ImagePreview.saveToAlbumFailed","保存图片到相册失败","Failed to save image to album"
"Mobile.ImagePreview.savedToAlbum","已保存至相册","Saved to album"
"Mobile.Intervention.AcpPermission.allowAlways","始终允许","Always Allow"
"Mobile.Intervention.AcpPermission.allowOnce","允许一次","Allow Once"
"Mobile.Intervention.AcpPermission.confirm","确认","Confirm"
"Mobile.Intervention.AcpPermission.defaultTitle","需要权限确认","Permission Required"
"Mobile.Intervention.AcpPermission.eyebrow","审批请求","Approval Request"
"Mobile.Intervention.AcpPermission.failed","审批失败","Failed"
"Mobile.Intervention.AcpPermission.rejectOnce","拒绝","Reject"
"Mobile.Intervention.AcpPermission.responseFailed","审批响应失败","Approval response failed"
"Mobile.Intervention.AcpPermission.submitted","已提交","Submitted"
"Mobile.Intervention.McpAsk.cancel","取消","Cancel"
"Mobile.Intervention.McpAsk.cancelled","已取消","Cancelled"
"Mobile.Intervention.McpAsk.customOption","其他","Other"
"Mobile.Intervention.McpAsk.customPlaceholder","请输入自定义内容","Enter custom value"
"Mobile.Intervention.McpAsk.defaultTitle","这次提问","This question"
"Mobile.Intervention.McpAsk.emptyFormContent","（无表单内容）","(No form content)"
"Mobile.Intervention.McpAsk.eyebrow","补充回复","Additional Reply"
"Mobile.Intervention.McpAsk.file","文件","File"
"Mobile.Intervention.McpAsk.integerNumberSuffix","必须为整数"," must be an integer"
"Mobile.Intervention.McpAsk.invalidNumberSuffix","格式不正确"," is invalid"
"Mobile.Intervention.McpAsk.labelSeparator","：",": "
"Mobile.Intervention.McpAsk.listSeparator","、",", "
"Mobile.Intervention.McpAsk.maxNumberSuffix","不能大于"," must be at most "
"Mobile.Intervention.McpAsk.minNumberSuffix","不能小于"," must be at least "
"Mobile.Intervention.McpAsk.next","下一步","Next"
"Mobile.Intervention.McpAsk.no","否","No"
"Mobile.Intervention.McpAsk.notFilled","未填写","Not provided"
"Mobile.Intervention.McpAsk.objectEntrySeparator","，","; "
"Mobile.Intervention.McpAsk.openFileFailed","文件打开失败，请稍后重试","Unable to open the file. Please try again later"
"Mobile.Intervention.McpAsk.prev","上一步","Previous"
"Mobile.Intervention.McpAsk.previewImageFailed","图片预览失败","Image preview failed"
"Mobile.Intervention.McpAsk.requiredSuffix","必填"," is required"
"Mobile.Intervention.McpAsk.resumeCancelled","我取消了「{0}」。","I cancelled ""{0}""."
"Mobile.Intervention.McpAsk.resumeSkipped","我跳过了「{0}」。","I skipped ""{0}""."
"Mobile.Intervention.McpAsk.resumeSubmitted","我已填写「{0}」，表单内容如下：","I filled out ""{0}"", details below:"
"Mobile.Intervention.McpAsk.resumeTimeout","「{0}」已超时，没有收到表单答案。","""{0}"" timed out without response."
"Mobile.Intervention.McpAsk.singleFileOnly","该字段仅支持上传一个文件","Only one file can be uploaded for this field"
"Mobile.Intervention.McpAsk.skip","跳过","Skip"
"Mobile.Intervention.McpAsk.skipped","已跳过","Skipped"
"Mobile.Intervention.McpAsk.submit","提交确认","Confirm Submit"
"Mobile.Intervention.McpAsk.submitted","已提交","Submitted"
"Mobile.Intervention.McpAsk.timeout","已超时","Timed out"
"Mobile.Intervention.McpAsk.unfilled","未填写","Not filled"
"Mobile.Intervention.McpAsk.unknownFile","未知文件","Unknown file"
"Mobile.Intervention.McpAsk.uploadFile","文件","File"
"Mobile.Intervention.McpAsk.uploadImage","图片","Image"
"Mobile.Intervention.McpAsk.yes","是","Yes"
"Mobile.Intervention.Mock.cleared","已清除 Mock 数据","Mock data cleared"
"Mobile.Intervention.Test.acpSection","ACP 权限审批卡片","ACP Permission Cards"
"Mobile.Intervention.Test.mcpSection","MCP Ask 结构化提问卡片","MCP Ask Question Cards"
"Mobile.Intervention.Test.openResumeDisplayDemo","Resume 展示 Demo →","Resume Display Demo →"
"Mobile.Intervention.Test.pageTitle","干预卡片测试","Intervention Card Test"
"Mobile.Intervention.Test.resetAll","重置所有状态","Reset all states"
"Mobile.Intervention.Test.resetDone","已重置","Reset"
"Mobile.Intervention.Test.resumeDisplayCasesSection","分类型用例","Single-type cases"
"Mobile.Intervention.Test.resumeDisplayCombinedSection","综合用例（单条 resume 多字段）","Combined case (multi-field resume)"
"Mobile.Intervention.Test.resumeDisplayDemoDesc","验证各扩展名 URL 在 resume 用户消息中的图片缩略图与文档卡片渲染。","Verify inline image thumbnails and document cards for resume user messages by file extension."
"Mobile.Intervention.Test.resumeDisplayDemoTitle","MCP Ask Resume 展示 Demo","MCP Ask Resume Display Demo"
"Mobile.Intervention.Test.resumeDisplayExtensionlessHint","无后缀 URL：兜底未知附件卡片","Extensionless URLs: unknown file card fallback"
"Mobile.Intervention.Test.resumeDisplayFileLabel","文档","Documents"
"Mobile.Intervention.Test.resumeDisplayImageLabel","图片","Images"
"Mobile.KnowledgeList.capabilities","Capabilities","Capabilities"
"Mobile.KnowledgeList.recent","最近访问","Recent"
"Mobile.KnowledgeList.searchPlaceholder","搜索资料","Search documents"
"Mobile.KnowledgeList.select","选择","Select"
"Mobile.KnowledgeList.selected","已选择资料","Document selected"
"Mobile.Link.copied","链接已复制","Link copied"
"Mobile.Link.copyAndOpen","链接已复制，请手动粘贴打开","Link copied. Please paste it manually to open"
"Mobile.Link.invalidConfig","链接地址配置错误","Link configuration is invalid"
"Mobile.Link.openFailed","打开链接失败","Failed to open link"
"Mobile.Message.addAsContact","加为联系人","Add as contact"
"Mobile.Message.addBuddy","添加伙伴","Add Buddy"
"Mobile.Message.addContactFailed","添加失败，请稍后重试","Failed to add, try again later"
"Mobile.Message.addToDirectory","添加到智联录","Add to Directory"
"Mobile.Message.agentSearchTip","输入名称或描述开始搜索","Type a name or description to start searching"
"Mobile.Message.agentSearchUnavailable","搜索服务暂不可用，点击重试","Search service is unavailable, tap to retry"
"Mobile.Message.allowInviteLabel","允许成员邀请","Allow Member Invites"
"Mobile.Message.allowPinLabel","允许成员置顶消息","Allow Member Pins"
"Mobile.Message.alreadyContact","已是联系人","Already a contact"
"Mobile.Message.applyMessageLabel","申请附言（可选，仅“加为联系人”时发送给对方）","Message (optional, sent only when adding as a contact)"
"Mobile.Message.buddyAgentHint1","「发消息」：立刻建立会话，智能体随后出现在你的智联录里。","'Send message': starts a chat right away; the agent will then appear in your directory."
"Mobile.Message.buddyAgentHint2","「加为联系人」：直接生效，无需等待——智能体不会点「同意」，服务端一律按立刻建立处理。","'Add as contact': takes effect immediately — agents never accept requests, the server adds them right away."
"Mobile.Message.buddyTabAgent","智能体","Agent"
"Mobile.Message.buddyTabUser","人","User"
"Mobile.Message.buddyUserHint1","「发消息」：立刻建立会话，他随后出现在你的智联录里（对方不会被打扰）。","'Send message': starts a chat right away; they will then appear in your directory (they won't be disturbed)."
"Mobile.Message.buddyUserHint2","「加为联系人」：发一条申请，对方同意后双方互为联系人。","'Add as contact': sends a request; you become contacts once they accept."
"Mobile.Message.contactAccept","同意","Accept"
"Mobile.Message.contactAccepted","已同意","Request accepted"
"Mobile.Message.contactAdded","已添加","Added"
"Mobile.Message.contactDegraded","部分联系人加载失败","Some contacts failed to load"
"Mobile.Message.contactExpert","专家","Expert"
"Mobile.Message.contactReject","拒绝","Reject"
"Mobile.Message.contactRejected","已拒绝","Request rejected"
"Mobile.Message.contactRequestSent","申请已发送","Request sent"
"Mobile.Message.contactTruncated","仅显示部分联系人","Showing partial contacts"
"Mobile.Message.contactUser","用户","User"
"Mobile.Message.contactsTitle","联系人","Contacts"
"Mobile.Message.createGroup","创建群组","Create Group"
"Mobile.Message.createGroupFailed","创建失败，请稍后重试","Failed to create group, try again later"
"Mobile.Message.dissolveGroupConfirm","解散群聊","Disband"
"Mobile.Message.dissolveGroupSuccess","群聊已解散","Group disbanded"
"Mobile.Message.dissolveGroupTip","群里 {count} 人的会话都会消失，聊天记录不再可见，且无法恢复。","Conversations for all {count} members will disappear and the chat history will no longer be visible. This cannot be undone."
"Mobile.Message.dissolveGroupTitle","解散群「{name}」？","Disband ""{name}""?"
"Mobile.Message.editRemark","修改备注","Edit Remark"
"Mobile.Message.emptyContact","暂无联系人","No contacts yet"
"Mobile.Message.emptyConversation","暂无会话","No conversations yet"
"Mobile.Message.emptyMessages","暂无消息","No messages yet"
"Mobile.Message.filesEmpty","暂无文件","No files yet"
"Mobile.Message.filesTabAudio","音频","Audio"
"Mobile.Message.filesTabFile","文件","Files"
"Mobile.Message.filesTabImage","图片","Images"
"Mobile.Message.filesTabVideo","视频","Videos"
"Mobile.Message.groupAddApplied","已发送入群申请","Join request sent"
"Mobile.Message.groupAddDone","已添加","Added"
"Mobile.Message.groupAddEntry","添加","Add"
"Mobile.Message.groupAddNone","请先选择成员","Select members first"
"Mobile.Message.groupAddSelected","已选 {count} 人","{count} selected"
"Mobile.Message.groupAddSubmit","添加","Add"
"Mobile.Message.groupAddTitle","添加成员","Add Members"
"Mobile.Message.groupAlreadyMember","已在群内","In group"
"Mobile.Message.groupFiles","群文件","Files"
"Mobile.Message.groupInfoTitle","群信息","Group Info"
"Mobile.Message.groupLeaveEntry","退出群聊","Leave Group"
"Mobile.Message.groupManage","群管理","Group Settings"
"Mobile.Message.groupMemberCount","{count} 人","{count} members"
"Mobile.Message.groupMembersLabel","群成员","Members"
"Mobile.Message.groupName","群名称","Group Name"
"Mobile.Message.groupNamePlaceholder","例如：项目讨论组","e.g. Project Discussion"
"Mobile.Message.groupNameRequired","请输入群名称","Please enter a group name"
"Mobile.Message.groupNotice","群公告","Announcements"
"Mobile.Message.groupOpenChat","打开会话","Open Chat"
"Mobile.Message.groupOwner","群主","Owner"
"Mobile.Message.groupRemoveConfirm","将「{name}」移出群聊？","Remove ""{name}"" from this group?"
"Mobile.Message.groupRemoveEntry","移除","Remove"
"Mobile.Message.groupRemoveSuccess","已移出","Removed"
"Mobile.Message.imSearchEmpty","没有找到相关结果","No results found"
"Mobile.Message.imSearchFromLocal","来自本地记录","From local records"
"Mobile.Message.imSearchIdle","输入关键词开始搜索","Type a keyword to search"
"Mobile.Message.imSearchMore","查看更多","More"
"Mobile.Message.imSearchPlaceholder","搜索消息、联系人、群组","Search messages, contacts and groups"
"Mobile.Message.imSearchTabAll","全部","All"
"Mobile.Message.imSearchTabContacts","联系人","Contacts"
"Mobile.Message.imSearchTabGroups","群组","Groups"
"Mobile.Message.imSearchTabMessages","消息","Messages"
"Mobile.Message.imSearchUnknownUser","未知用户","Unknown user"
"Mobile.Message.initialMembers","初始成员","Initial members"
"Mobile.Message.inputPlaceholder","输入消息","Enter a message"
"Mobile.Message.joinApproveLabel","入群审批","Join Approval"
"Mobile.Message.joinApproved","已通过","Approved"
"Mobile.Message.joinGroup","加入群组","Join Group"
"Mobile.Message.joinGroupClose","关闭","Close"
"Mobile.Message.joinGroupFailed","提交失败，请稍后重试","Failed to submit, try again later"
"Mobile.Message.joinGroupNoInvalid","群号为 19 位数字，请检查后重试","A group ID is 19 digits. Please check and retry"
"Mobile.Message.joinGroupNoLabel","群号","Group ID"
"Mobile.Message.joinGroupNoPlaceholder","输入群号","Enter group ID"
"Mobile.Message.joinGroupNoRequired","请输入群号","Please enter a group ID"
"Mobile.Message.joinGroupNoTip","群号是 19 位数字，在「群设置」页里可以复制。","A group ID is 19 digits. You can copy it from the group settings page."
"Mobile.Message.joinGroupRemarkPlaceholder","申请附言（选填，最多 64 字）","Message (optional, up to 64 characters)"
"Mobile.Message.joinGroupSubmit","申请加入","Request to join"
"Mobile.Message.joinGroupSubmitted","已提交入群申请","Join request submitted"
"Mobile.Message.joinGroupTitle","按群号加入群聊","Join a group by group ID"
"Mobile.Message.joinGroupWordUnit","字","chars"
"Mobile.Message.joinInviterFallback","某位成员","a member"
"Mobile.Message.joinRejectedDone","已拒绝","Rejected"
"Mobile.Message.joinRemarkLabel","附言","Note"
"Mobile.Message.joinRequests","入群申请","Join Requests"
"Mobile.Message.joinRequestsEmpty","暂无待处理的申请","No pending requests"
"Mobile.Message.joinSourceApply","{name} 申请加入群聊","{name} requested to join"
"Mobile.Message.joinSourceInvite","{name} 由 {inviter} 邀请加入","{inviter} invited {name} to join"
"Mobile.Message.knowledgeBase","资料库","Knowledge Base"
"Mobile.Message.leaveGroupConfirm","退出群聊","Leave"
"Mobile.Message.leaveGroupSuccess","已退出群聊","Left the group"
"Mobile.Message.leaveGroupTip","退出后不再收到该群消息，「我的群组」里也不会再有它；要重新加入得让群里的人再拉你一次。","After leaving, you will no longer receive messages from this group and it will disappear from My Groups; to rejoin, someone in the group must invite you again."
"Mobile.Message.leaveGroupTitle","退出群「{name}」？","Leave ""{name}""?"
"Mobile.Message.loadFailed","加载失败，点击重试","Failed to load, tap to retry"
"Mobile.Message.locateChat","定位到聊天位置","Locate in Chat"
"Mobile.Message.memberRoleNoChange","内容没有变化","No changes"
"Mobile.Message.mentionEmpty","暂无成员","No members"
"Mobile.Message.mentionSearchPlaceholder","搜索成员","Search members"
"Mobile.Message.msgDndLabel","消息免打扰","Mute Notifications"
"Mobile.Message.msgRevokedByMe","你撤回了一条消息","You recalled a message"
"Mobile.Message.msgRevokedByPeer","对方撤回了一条消息","The other side recalled a message"
"Mobile.Message.mute","消息免打扰","Mute"
"Mobile.Message.muteSuccess","已开启消息免打扰","Muted"
"Mobile.Message.myGroups","我的群组","My Groups"
"Mobile.Message.newRequests","新的伙伴申请","New requests"
"Mobile.Message.noMore","没有更多了","No more"
"Mobile.Message.noticeEditPlaceholder","编辑群公告（≤1024 字）","Edit announcement (max 1024 chars)"
"Mobile.Message.noticeUnset","未设置","Not set"
"Mobile.Message.openChatFailed","打开会话失败，请稍后重试","Failed to open the chat, please try again later"
"Mobile.Message.pinChatLabel","置顶聊天","Pin Chat"
"Mobile.Message.quoteFile","[文件]","[File]"
"Mobile.Message.quoteImage","[图片]","[Image]"
"Mobile.Message.quoteRevoked","已撤回","Revoked"
"Mobile.Message.quoteTitle","引用消息","Quoted Message"
"Mobile.Message.readReceiptLabel","已读回执","Read Receipts"
"Mobile.Message.remarkPlaceholder","留空则清除备注，恢复显示平台昵称","Leave empty to clear the remark and show the platform nickname"
"Mobile.Message.remarkSaved","备注已保存","Remark saved"
"Mobile.Message.removeContactSuccess","已删除","Deleted"
"Mobile.Message.removeContactTip","会同时从对方的联系人里删掉你，双方都需要重新申请才能恢复。","This also removes you from their contacts. You both need to send new requests to restore."
"Mobile.Message.removeContactTitle","删除联系人","Delete Contact"
"Mobile.Message.removeConvGroupTip","只从你的消息列表里去掉，不影响群和聊天记录；之后可以在「智联录 → 我的群组」里重新打开。","This only removes it from your message list; the group and its chat history are unaffected. You can reopen it later from Directory → My Groups."
"Mobile.Message.removeConvP2pTip","只从你的消息列表里去掉，聊天记录不会被删除；之后可以在「智联录」的联系人里重新打开。","This only removes it from your message list; chat history is kept. You can reopen it later from Contacts in the Directory."
"Mobile.Message.removeConvSuccess","已删除","Deleted"
"Mobile.Message.removeConvTitle","删除会话","Delete Conversation"
"Mobile.Message.requestPendingTip","已发送申请，等待对方处理","Request sent, waiting for a response"
"Mobile.Message.revokeManager","撤销管理员","Revoke Admin"
"Mobile.Message.revokeManagerConfirm","撤销","Revoke"
"Mobile.Message.revokeManagerDone","已撤销管理员","Admin role revoked"
"Mobile.Message.revokeManagerTip","撤销后 {name} 变回普通成员，全群会收到一条通知","After revocation, {name} becomes a regular member and the whole group will be notified."
"Mobile.Message.roleManager","管理员","Admin"
"Mobile.Message.searchAgentLabel","搜索已发布的智能体（当前租户内你能用到的）","Search published agents available to you"
"Mobile.Message.searchAgentPlaceholder","输入智能体名称或描述搜索","Search agents by name or description"
"Mobile.Message.searchDegraded","结果可能不全","Results may be incomplete"
"Mobile.Message.searchMemberPlaceholder","输入姓名搜索可联系人","Search contacts by name"
"Mobile.Message.searchMemberTip","输入姓名开始搜索","Type a name to start searching"
"Mobile.Message.searchUserLabel","搜索平台用户（只列出“可联系人”）","Search platform users (only those you can contact)"
"Mobile.Message.searchUserPlaceholder","输入姓名或账号搜索","Search by name or account"
"Mobile.Message.selectTargetFirst","请先选择搜索结果","Select a search result first"
"Mobile.Message.sendButton","发送","Send"
"Mobile.Message.sendFailed","发送失败，点击重试","Send failed, tap to retry"
"Mobile.Message.sendMessage","发消息","Send message"
"Mobile.Message.sending","发送中","Sending"
"Mobile.Message.sentRequests","已申请","Sent requests"
"Mobile.Message.setAsManager","设为管理员","Set as Admin"
"Mobile.Message.setManagerDone","已设为管理员","Admin role granted"
"Mobile.Message.statusWaitAccept","待对方同意","Awaiting reply"
"Mobile.Message.statusWaitConfirm","待确认","Pending"
"Mobile.Message.unmute","取消免打扰","Unmute"
"Mobile.Message.unmuteSuccess","已取消消息免打扰","Unmuted"
"Mobile.Message.unnamedGroup","未命名群组","Unnamed group"
"Mobile.Message.viewAll","查看全部","View all"
"Mobile.Message.withdrawRequest","撤回申请","Withdraw Request"
"Mobile.Message.withdrawSuccess","已撤回申请","Request withdrawn"
"Mobile.Message.yesterday","昨天","Yesterday"
"Mobile.Mine.about","关于","About"
"Mobile.Mine.account","账户","Account"
"Mobile.Mine.agentCount","智能体","Agents"
"Mobile.Mine.alreadyLatest","当前已是最新版本","You're currently on the latest version"
"Mobile.Mine.appEntrance","应用","Apps"
"Mobile.Mine.changePassword","修改密码","Change Password"
"Mobile.Mine.checkUpdate","检查更新","Check for Updates"
"Mobile.Mine.checkUpdateFailed","检查更新失败，请稍后重试","Unable to check for updates. Try again later."
"Mobile.Mine.contactUs","联系我们","Contact Us"
"Mobile.Mine.helpFeedback","帮助与反馈","Help & Feedback"
"Mobile.Mine.loginTip","登录后使用完整功能","Sign in for full features"
"Mobile.Mine.myTerminal","我的终端","My Terminals"
"Mobile.Mine.newVersion","发现新版本","New Version"
"Mobile.Mine.newVersionAvailable","发现可用的新版本","A new version is available"
"Mobile.Mine.nickname","昵称","Nickname"
"Mobile.Mine.openUpdateFailed","无法打开更新地址","Unable to open the update link"
"Mobile.Mine.other","其他","Others"
"Mobile.Mine.personalInfo","个人信息","Personal Info"
"Mobile.Mine.points","积分","Points"
"Mobile.Mine.privacyAgreement","隐私协议","Privacy Policy"
"Mobile.Mine.smartTerminal","智能终端","Smart Terminal"
"Mobile.Mine.subscription","订阅","Subscriptions"
"Mobile.Mine.terminalCount","{count}台","{count}"
"Mobile.Mine.unionRecord","智联录","Directory"
"Mobile.Mine.updateNow","更新","Update"
"Mobile.Mine.workspace","工作空间","Workspace"
"Mobile.MyOrders.amount","金额","Amount"
"Mobile.MyOrders.bizType","业务类型","Business Type"
"Mobile.MyOrders.bizTypeCreditPurchase","积分购买","Credit Purchase"
"Mobile.MyOrders.bizTypeDeskBuddy","设备购买","Device Purchase"
"Mobile.MyOrders.bizTypeSubscription","订阅购买","Subscription"
"Mobile.MyOrders.createdTime","创建时间","Created Time"
"Mobile.MyOrders.description","描述","Description"
"Mobile.MyOrders.empty","暂无订单记录","No orders yet"
"Mobile.MyOrders.goPay","去支付","Pay Now"
"Mobile.MyOrders.orderId","订单ID","Order ID"
"Mobile.MyOrders.orderStatus","订单状态","Order Status"
"Mobile.MyOrders.pageTitle","我的订单","My Orders"
"Mobile.MyOrders.receiverAddress","收货地址","Shipping Address"
"Mobile.MyOrders.receiverName","收货人","Recipient"
"Mobile.MyOrders.receiverPhone","手机号","Phone Number"
"Mobile.MyOrders.statusAll","全部","All"
"Mobile.MyOrders.statusCancelled","已取消","Cancelled"
"Mobile.MyOrders.statusPaid","已支付","Paid"
"Mobile.MyOrders.statusPending","待处理","Pending"
"Mobile.MySubscriptions.aboutToUseUp","即将用完","Running Low"
"Mobile.MySubscriptions.activityCredits","活动积分","Activity Credits"
"Mobile.MySubscriptions.addPurchase","+ 增购","+ Add"
"Mobile.MySubscriptions.alipay","支付宝支付","Alipay"
"Mobile.MySubscriptions.boughtOut","已买断","Bought Out"
"Mobile.MySubscriptions.buyoutPriceLabel","买断价","Buyout Price"
"Mobile.MySubscriptions.creditPackageCredit","积分","Credits"
"Mobile.MySubscriptions.creditUnit","积分","Credits"
"Mobile.MySubscriptions.currentPlan","使用中","In Use"
"Mobile.MySubscriptions.currentPlanButton","当前套餐","Current Plan"
"Mobile.MySubscriptions.detail","明细","Detail"
"Mobile.MySubscriptions.empty","暂无订阅内容","No subscriptions yet"
"Mobile.MySubscriptions.expireTime","到期时间","Expire Time"
"Mobile.MySubscriptions.expired","已到期","Expired"
"Mobile.MySubscriptions.feeMonth","月费","Monthly Fee"
"Mobile.MySubscriptions.feeQuarter","季费","Quarterly Fee"
"Mobile.MySubscriptions.feeYear","年费","Yearly Fee"
"Mobile.MySubscriptions.fullyUsed","已用完","Used Up"
"Mobile.MySubscriptions.loadFailed","加载失败","Load failed"
"Mobile.MySubscriptions.monthlyPayment","月付","Monthly"
"Mobile.MySubscriptions.nextRenewal","下次续费：{time}","Next renewal: {time}"
"Mobile.MySubscriptions.normalUsage","充足","Sufficient"
"Mobile.MySubscriptions.notEnabled","订阅功能暂未开启","Subscription is not enabled yet"
"Mobile.MySubscriptions.orderIdNotFound","未获取到订单号","Order ID not found"
"Mobile.MySubscriptions.orderProcessing","处理中","Processing"
"Mobile.MySubscriptions.payCancelled","已取消支付","Payment cancelled"
"Mobile.MySubscriptions.payChecking","正在查询支付结果","Checking payment result"
"Mobile.MySubscriptions.payCloseDialog","关闭","Close"
"Mobile.MySubscriptions.payClosedTip","订单支付失败或已关闭，请重新下单。","The order failed or was closed. Please place the order again."
"Mobile.MySubscriptions.payConfirmDone","我已支付","I have paid"
"Mobile.MySubscriptions.payConfirmLater","关闭","Close"
"Mobile.MySubscriptions.payConfirmTipAlipay","请在支付宝中完成支付。支付完成后点击「我已支付」查询订单状态。","Complete the payment in Alipay, then tap ""I have paid"" to check your order status."
"Mobile.MySubscriptions.payConfirmTipWechat","请在微信中完成支付。支付完成后点击「我已支付」查询订单状态。","Complete the payment in WeChat, then tap ""I have paid"" to check your order status."
"Mobile.MySubscriptions.payConfirmTitle","支付确认","Payment confirmation"
"Mobile.MySubscriptions.payFailed","支付失败","Payment failed"
"Mobile.MySubscriptions.payNotFoundTip","暂未查询到支付成功。若你已完成付款，请稍等几秒后再试。","We have not seen a successful payment yet. If you have already paid, wait a few seconds and try again."
"Mobile.MySubscriptions.payNotFoundTitle","未查询到支付结果","No payment result yet"
"Mobile.MySubscriptions.payParamsFailed","获取支付参数失败","Failed to get payment parameters"
"Mobile.MySubscriptions.payPending","支付处理中","Payment pending"
"Mobile.MySubscriptions.payPollTimeout","支付结果确认中，请稍后查看","Confirming payment result, please check later"
"Mobile.MySubscriptions.payRetryCheck","再查一次","Check again"
"Mobile.MySubscriptions.paySuccess","支付成功","Payment successful"
"Mobile.MySubscriptions.perForever","/永久有效","/Forever"
"Mobile.MySubscriptions.perMonth","/月","/Month"
"Mobile.MySubscriptions.perQuarter","/季","/Quarter"
"Mobile.MySubscriptions.perYear","/年","/Year"
"Mobile.MySubscriptions.permanentUse","永久使用","Permanent"
"Mobile.MySubscriptions.planGrid","订阅套餐","Subscription Plans"
"Mobile.MySubscriptions.purchaseAmount","增购金额","Purchase Amount"
"Mobile.MySubscriptions.purchaseCredits","增购积分","Purchase Credits"
"Mobile.MySubscriptions.purchaseSubtitle","选择积分套餐，即刻到账","Select a credit package for instant delivery"
"Mobile.MySubscriptions.purchaseTitle","增购积分","Purchase Credits"
"Mobile.MySubscriptions.qrCodeUnsupported","请在支持扫码设备打开","Please open on a device that supports QR code scanning"
"Mobile.MySubscriptions.quarterlyPayment","季付","Quarterly"
"Mobile.MySubscriptions.remaining","剩余","Remaining"
"Mobile.MySubscriptions.renewNow","续订","Renew"
"Mobile.MySubscriptions.stateActive","使用中","Active"
"Mobile.MySubscriptions.stateCancelled","已取消","Cancelled"
"Mobile.MySubscriptions.stateExpired","已过期","Expired"
"Mobile.MySubscriptions.statusActive","使用中","Active"
"Mobile.MySubscriptions.statusHot","热门","Hot"
"Mobile.MySubscriptions.subAmount","订阅金额","Sub Amount"
"Mobile.MySubscriptions.subscribeNow","订阅","Subscribe"
"Mobile.MySubscriptions.subscribedContent","已订阅内容","Subscribed Content"
"Mobile.MySubscriptions.subscribing","订阅中","Active"
"Mobile.MySubscriptions.subscriptionCredits","订阅积分","Subscription Credits"
"Mobile.MySubscriptions.tabAgents","智能体","Agents"
"Mobile.MySubscriptions.tabCredits","增购积分","Purchase Credits"
"Mobile.MySubscriptions.tabSkills","技能","Skills"
"Mobile.MySubscriptions.title","我的订阅","My Subscriptions"
"Mobile.MySubscriptions.totalCredits","总积分","Total Credits"
"Mobile.MySubscriptions.upgradeNow","升级","Upgrade"
"Mobile.MySubscriptions.usedAmount","已消耗","Used"
"Mobile.MySubscriptions.validityForever","永久有效","Permanent"
"Mobile.MySubscriptions.wechatBrowserPayUnsupported","由于微信内置浏览器限制，暂不支持直接支付，请点击右上角选择“在浏览器中打开”以完成支付","Due to WeChat browser limitations, direct payment is not supported here. Please click the top right menu and choose 'Open in Browser' to complete your payment."
"Mobile.MySubscriptions.wechatPay","微信支付","WeChat Pay"
"Mobile.MySubscriptions.yearlyPayment","年付","Yearly"
"Mobile.Nav.agent","智能体","Agent"
"Mobile.Nav.app","应用","App"
"Mobile.Nav.chat","对话","Chat"
"Mobile.Nav.expert","专家","Experts"
"Mobile.Nav.home","首页","Home"
"Mobile.Nav.message","消息","Messages"
"Mobile.Nav.mine","我的","Me"
"Mobile.Nav.skill","技能","Skills"
"Mobile.Nav.task","任务","Tasks"
"Mobile.Nav.terminal","终端","Terminal"
"Mobile.Nav.unionRecord","智联录","Directory"
"Mobile.Page.inputRequired","请输入内容","Please enter content"
"Mobile.Page.loading","加载中","Loading"
"Mobile.Page.loadingMore","加载中...","Loading..."
"Mobile.PageCard.createdAt","创建于 {date}","Created on {date}"
"Mobile.PageCard.noPreviewImage","无可用预览图","No preview image available"
"Mobile.PagePreview.defaultTitle","页面预览","Page preview"
"Mobile.Permission.cameraDescription","拍照功能需要访问你的摄像头。请在浏览器设置中允许摄像头权限，然后重新尝试。","Taking photos requires camera access. Please allow camera permission in browser settings and try again."
"Mobile.Permission.cameraTitle","需要摄像头权限","Camera permission required"
"Mobile.Permission.gotIt","知道了","Got it"
"Mobile.Permission.guideContent","{description}\n\n操作步骤：\n{steps}","{description}\n\nSteps:\n{steps}"
"Mobile.Permission.microphoneDescription","录音功能需要访问你的麦克风。请在浏览器设置中允许麦克风权限，然后重新尝试。","Recording requires microphone access. Please allow microphone permission in browser settings and try again."
"Mobile.Permission.microphoneTitle","需要麦克风权限","Microphone permission required"
"Mobile.Permission.stepAllowCamera","找到""摄像头""选项，选择""允许""","Find ""Camera"" and choose ""Allow"""
"Mobile.Permission.stepAllowMicrophone","找到""麦克风""选项，选择""允许""","Find ""Microphone"" and choose ""Allow"""
"Mobile.Permission.stepClickLock","点击浏览器地址栏左侧的锁定图标","Click the lock icon on the left side of the browser address bar"
"Mobile.Permission.stepRefreshRetryPhoto","刷新页面后重新尝试拍照","Refresh the page and try taking photos again"
"Mobile.Permission.stepRefreshRetryRecord","刷新页面后重新尝试录音","Refresh the page and try recording again"
"Mobile.Profile.avatarInvalidType","请选择 JPG、JPEG、PNG 或 SVG 格式的图片","Select a JPG, JPEG, PNG, or SVG image"
"Mobile.Profile.avatarTooLarge","图片大小不能超过 2MB","Image must be smaller than 2 MB"
"Mobile.Profile.avatarUpdated","头像已更新","Avatar updated"
"Mobile.Profile.avatarUploadFailed","头像上传失败","Avatar upload failed"
"Mobile.Profile.confirmPassword","确认密码","Confirm password"
"Mobile.Profile.confirmResetPassword","确定修改","Confirm"
"Mobile.Profile.default","默认","Default"
"Mobile.Profile.dynamicCode","动态认证码","Dynamic verification code"
"Mobile.Profile.dynamicCodeExpire","动态认证码（{expire} 过期）","Dynamic verification code (expires {expire})"
"Mobile.Profile.editProfile","编辑资料","Edit profile"
"Mobile.Profile.email","邮箱","Email"
"Mobile.Profile.inputConfirmPassword","请再次输入新密码","Enter the new password again"
"Mobile.Profile.inputNewPassword","请输入新密码，至少6位数","Enter a new password (at least 6 characters)"
"Mobile.Profile.inputNickName","请输入昵称","Enter nickname"
"Mobile.Profile.inputUserName","请输入用户名","Enter username"
"Mobile.Profile.inputVerificationCode","请输入验证码","Enter verification code"
"Mobile.Profile.language","语言","Language"
"Mobile.Profile.languagePlaceholder","请选择语言","Select language"
"Mobile.Profile.newPassword","新密码","New password"
"Mobile.Profile.nickName","昵称","Nickname"
"Mobile.Profile.pendingBind","待绑定","Pending"
"Mobile.Profile.phone","手机号","Phone"
"Mobile.Profile.resetPassword","重置密码","Reset password"
"Mobile.Profile.save","保存","Save"
"Mobile.Profile.saveFailed","保存失败","Save failed"
"Mobile.Profile.saveSuccess","保存成功","Saved"
"Mobile.Profile.selectLanguage","选择语言","Select language"
"Mobile.Profile.sendCodeFailed","验证码发送失败","Failed to send verification code"
"Mobile.Profile.sendVerificationCode","发送验证码","Send code"
"Mobile.Profile.userName","用户名","Username"
"Mobile.Profile.userNameRequired","请输入用户名","Enter username"
"Mobile.Profile.verificationCode","验证码","Verification code"
"Mobile.Profile.verificationCodeInvalid","请输入6位验证码","Enter the 6-digit verification code"
"Mobile.Profile.verificationTargetMissing","未找到可接收验证码的手机号或邮箱","No phone number or email is available for verification"
"Mobile.Project.addConversationPending","项目添加对话暂未接入，敬请期待","Adding conversations to projects is not available yet"
"Mobile.Project.archivedProjects","已归档项目","Archived projects"
"Mobile.Project.deleteModalContent","项目删除后不可恢复，确定删除该项目吗？","This project cannot be recovered after deletion. Delete it?"
"Mobile.Project.deleteModalTitle","删除项目","Delete project"
"Mobile.Project.noConversation","项目下暂无会话","No conversations in this project"
"Mobile.Project.teamTag","团队","Team"
"Mobile.Project.typeNormal","常规项目","Normal project"
"Mobile.Project.typePageApp","网页应用","Web app"
"Mobile.Project.typeUserApp","全栈项目","Full-stack app"
"Mobile.Project.viewMore","查看更多","View more"
"Mobile.Provision.Connect.backToScan","返回扫码","Back to Scan"
"Mobile.Provision.Connect.connecting","正在连接设备…","Connecting to device…"
"Mobile.Provision.Connect.failed","连接失败","Connection Failed"
"Mobile.Provision.Connect.readingInfo","正在读取设备信息…","Reading device info…"
"Mobile.Provision.Connect.retry","重试","Retry"
"Mobile.Provision.Connect.title","连接设备","Connecting Device"
"Mobile.Provision.Entry.manualBle","手动蓝牙配网","Manual Bluetooth Setup"
"Mobile.Provision.Entry.manualBleDesc","搜索附近设备，手动选择配网","Search nearby devices and choose manually"
"Mobile.Provision.Entry.qrInvalid","二维码无效，请扫描设备配套二维码","Invalid QR code. Please scan the code that came with your device"
"Mobile.Provision.Entry.reprovisionTip","为已绑定的设备更换 WiFi 网络","Switch the bound device to a new WiFi network"
"Mobile.Provision.Entry.scanQr","扫码配网","Scan QR Code"
"Mobile.Provision.Entry.scanQrDesc","确保手机蓝牙和WIFI已打开，扫描设备二维码","Make sure Bluetooth and Wi-Fi are on, then scan the device QR code"
"Mobile.Provision.Entry.tip","二维码通常在设备底部或包装盒上","The QR code is usually on the bottom of the device or on the packaging"
"Mobile.Provision.Entry.title","选择配网方式","Choose Setup Method"
"Mobile.Provision.Error.apNotFound","找不到该 WiFi 网络，请靠近路由器","Wi-Fi network not found, move closer to router"
"Mobile.Provision.Error.bluetoothOff","蓝牙已关闭，请开启后重试","Bluetooth is off, please turn it on"
"Mobile.Provision.Error.busy","设备忙，请稍候重试","Device is busy, please try again later"
"Mobile.Provision.Error.connectFailed","设备连接失败，请靠近设备后重试","Failed to connect device, move closer and retry"
"Mobile.Provision.Error.deviceIdMismatch","设备身份不匹配，已停止配网，请确认扫描的是目标设备二维码","Device identity mismatch. Provisioning stopped. Make sure you scanned the target device's QR code"
"Mobile.Provision.Error.deviceNotFound","未发现目标设备，请确认设备处于蓝牙配网模式后重试","Target device not found. Make sure Bluetooth provisioning mode is active and retry"
"Mobile.Provision.Error.dhcpFailed","设备获取 IP 失败，请检查路由器","Failed to obtain IP, check router"
"Mobile.Provision.Error.disconnected","设备连接已断开，请重新开始","Device disconnected, please start over"
"Mobile.Provision.Error.firmwareMismatch","设备固件版本不兼容","Incompatible device firmware"
"Mobile.Provision.Error.locationOff","未搜索到设备。该机型在系统位置信息关闭时可能收不到蓝牙广播，请开启位置信息后重试","No device found. This phone may not receive Bluetooth advertisements while location services are off; turn them on and retry"
"Mobile.Provision.Error.networkError","网络异常，请检查网络后重试","Network error, please check your connection and retry"
"Mobile.Provision.Error.scanFailed","蓝牙扫描失败，请稍后重试","Bluetooth scan failed. Please try again"
"Mobile.Provision.Error.securityAuthFailed","设备安全认证失败，请重新扫描设备二维码","Device authentication failed. Scan the device QR code again"
"Mobile.Provision.Error.serviceUnavailable","当前设备不支持蓝牙配网，或配网服务不可用","Bluetooth provisioning is unsupported or unavailable on this device"
"Mobile.Provision.Error.timeout","配网超时，请检查 WiFi 密码后重试","Pairing timed out, check password and retry"
"Mobile.Provision.Error.unknown","配网失败，请重试","Pairing failed, please retry"
"Mobile.Provision.Error.voxConfigInvalid","设备云配置被拒绝，请重试","Device cloud config rejected, please retry"
"Mobile.Provision.Error.voxConfigPersistFailed","设备保存配置失败，请重试","Device failed to save config, please retry"
"Mobile.Provision.Error.windowExpired","设备配网窗口已结束，请重启设备后重试","The device provisioning window ended. Restart the device and try again"
"Mobile.Provision.Error.writeFailed","凭据下发失败，请重试","Failed to send credentials, please retry"
"Mobile.Provision.Error.wrongPassword","WiFi 密码错误，请重新输入","Incorrect Wi-Fi password, please re-enter"
"Mobile.Provision.Progress.leaveConfirm","配网进行中，确定离开？","Pairing in progress. Leave?"
"Mobile.Provision.Progress.stageBind","绑定设备并下发密钥","Bind device & deliver key"
"Mobile.Provision.Progress.stageConnect","连接设备","Connecting device"
"Mobile.Provision.Progress.stageReadInfo","读取设备信息","Reading device info"
"Mobile.Provision.Progress.stageSecureSession","建立 BLE 安全会话","Establishing secure BLE session"
"Mobile.Provision.Progress.stageWait","等待设备联网","Waiting for connection"
"Mobile.Provision.Progress.stageWrite","下发 WiFi 凭据","Sending credentials"
"Mobile.Provision.Progress.title","配网中","Pairing"
"Mobile.Provision.Result.alreadyConfigured","设备已配置过网络","Device already configured"
"Mobile.Provision.Result.bindFailed","设备绑定/密钥下发失败，可在设备详情页重试","Device bind/key delivery failed; retry from device detail"
"Mobile.Provision.Result.checkingOnline","正在检测设备是否在线…","Checking if the device is online..."
"Mobile.Provision.Result.detail","错误详情","Details"
"Mobile.Provision.Result.deviceOnline","设备已上线","Device is online"
"Mobile.Provision.Result.done","完成","Done"
"Mobile.Provision.Result.editWifi","修改 WiFi 信息","Edit Wi-Fi Details"
"Mobile.Provision.Result.failTitle","配网失败","Pairing Failed"
"Mobile.Provision.Result.manualReturn","手动返回","Return Manually"
"Mobile.Provision.Result.onlineCheckDesc","WiFi 已写入设备，请保持设备通电并耐心等待上线","Wi-Fi was sent to the device. Keep it powered on while it comes online"
"Mobile.Provision.Result.onlineCheckFailed","暂未检测到设备上线，请手动返回设备列表","The device is not online yet. Return to the device list manually"
"Mobile.Provision.Result.onlineCheckTimeoutTitle","等待设备上线","Waiting for Device"
"Mobile.Provision.Result.reconnect","重新连接","Reconnect"
"Mobile.Provision.Result.reprovision","重新配网","Pair Again"
"Mobile.Provision.Result.reprovisionSuccessDesc","设备已切换至 {ssid}","Device switched to {ssid}"
"Mobile.Provision.Result.resetDevice","重置设备","Reset Device"
"Mobile.Provision.Result.retry","重试","Retry"
"Mobile.Provision.Result.successDesc","设备已连接至 {ssid}","Device connected to {ssid}"
"Mobile.Provision.Result.successTitle","配网成功","Pairing Succeeded"
"Mobile.Provision.Scan.bluetoothOff","请先开启手机蓝牙以进行配网","Please turn on Bluetooth to pair"
"Mobile.Provision.Scan.empty","未发现待配网设备","No device found"
"Mobile.Provision.Scan.emptyTip","请确认设备处于 BLE 配网模式；若已超过 5 分钟，请重启设备后重试","Make sure BLE provisioning is active. If five minutes elapsed, restart the device and try again"
"Mobile.Provision.Scan.found","发现 {count} 台设备","{count} device(s) found"
"Mobile.Provision.Scan.goAuthorize","去授权","Grant"
"Mobile.Provision.Scan.noPermission","配网需要蓝牙与定位权限","Bluetooth & location permission required"
"Mobile.Provision.Scan.openBluetooth","开启蓝牙","Turn on Bluetooth"
"Mobile.Provision.Scan.openLocation","开启位置信息","Turn on location"
"Mobile.Provision.Scan.rescan","重新扫描","Rescan"
"Mobile.Provision.Scan.searching","正在搜索附近设备… {seconds}s","Searching for devices… {seconds}s"
"Mobile.Provision.Scan.signalWeak","信号弱","Weak"
"Mobile.Provision.Scan.title","配网 · 添加设备","Add Device"
"Mobile.Provision.Wifi.bandTip","设备仅支持 2.4GHz WiFi，请勿选择 5GHz 网络","Device supports 2.4GHz Wi-Fi only, not 5GHz"
"Mobile.Provision.Wifi.currentFailed","未能获取当前 WiFi，请手动输入","Can't detect current Wi-Fi, please enter manually"
"Mobile.Provision.Wifi.manualInput","手动输入","Enter Manually"
"Mobile.Provision.Wifi.noNetworks","未发现可用 WiFi，请手动输入","No WiFi found. Please enter manually"
"Mobile.Provision.Wifi.passwordInvalid","密码长度需为 8-64 个字符","Password must be 8-64 characters"
"Mobile.Provision.Wifi.passwordLabel","WiFi 密码","Wi-Fi Password"
"Mobile.Provision.Wifi.passwordPlaceholder","请输入 WiFi 密码","Enter Wi-Fi password"
"Mobile.Provision.Wifi.reprovisionTip","为设备更换新的 WiFi 网络","Switch the device to a new WiFi network"
"Mobile.Provision.Wifi.scanFailed","WiFi 列表获取失败，可重试或手动输入","Failed to load Wi-Fi networks. Retry or enter one manually"
"Mobile.Provision.Wifi.scanRetry","重试扫描","Scan Again"
"Mobile.Provision.Wifi.scanning","正在搜索附近 WiFi…","Searching for nearby WiFi…"
"Mobile.Provision.Wifi.selectWifi","选择 WiFi","Select WiFi"
"Mobile.Provision.Wifi.ssidInvalid","WiFi 名称长度需为 1-32 个字符","Wi-Fi name must be 1-32 characters"
"Mobile.Provision.Wifi.ssidLabel","WiFi 名称","Wi-Fi Name"
"Mobile.Provision.Wifi.ssidPlaceholder","请输入 WiFi 名称","Enter Wi-Fi name"
"Mobile.Provision.Wifi.start","开始配网","Start Pairing"
"Mobile.Provision.Wifi.submitting","正在开始…","Starting..."
"Mobile.Provision.Wifi.title","选择 WiFi","Choose Wi-Fi"
"Mobile.Provision.Wifi.useCurrent","使用当前 WiFi","Use current Wi-Fi"
"Mobile.Sandbox.noneAvailable","无可用电脑","No available computer"
"Mobile.Sandbox.restartAgent","重启智能体","Restart agent"
"Mobile.Sandbox.restartAgentFailed","重启智能体失败","Failed to restart agent"
"Mobile.Sandbox.restartAgentSuccess","重启智能体成功！","Agent restarted successfully!"
"Mobile.Sandbox.restartClient","重启客户端","Restart client"
"Mobile.Sandbox.restartClientSuccess","重启客户端成功！","Client restarted successfully!"
"Mobile.Sandbox.restartCloudComp","重启智能体电脑","Restart agent computer"
"Mobile.Sandbox.restartCloudCompSuccess","重启智能体电脑成功！","Agent computer restarted successfully!"
"Mobile.Sandbox.selectorTitle","智能体电脑选择","Agent computer selection"
"Mobile.Sandbox.switchFailed","切换失败","Switch failed"
"Mobile.Sandbox.unavailable","电脑不可用","Computer unavailable"
"Mobile.Share.shareFailed","分享失败","Share failed"
"Mobile.Share.shareFallbackCopied","系统分享不可用，链接已复制","System share unavailable, link copied"
"Mobile.Share.shareSuccess","分享成功，链接已复制","Shared successfully. Link copied."
"Mobile.Skill.capabilities","Capabilities","Capabilities"
"Mobile.Skill.empty","暂无技能","No skills yet"
"Mobile.Skill.enabled","我启用的","Enabled"
"Mobile.Skill.myFavorites","我的收藏","My Favorites"
"Mobile.Skill.paid","付费","Paid"
"Mobile.Skill.recentUsed","最近使用","Recently Used"
"Mobile.Skill.searchSkillName","搜索技能名称","Search skill name"
"Mobile.Skill.select","选择","Select"
"Mobile.Stream.httpErrorWithCode","请求失败，状态码: {code}","Request failed with status code: {code}"
"Mobile.Stream.timeoutDisconnected","请求超时，已自动断开","Request timed out and was disconnected"
"Mobile.SystemMessages.empty","暂无系统消息","No system messages"
"Mobile.SystemMessages.title","系统消息","System Messages"
"Mobile.TempSession.defaultDesc","我是你的智能助手，有什么需要帮忙的吗？","I'm your AI assistant. How can I help you?"
"Mobile.TempSession.inputPlaceholder","请输入指令","Enter a command"
"Mobile.Terminal.accessTools","接入工具","Access Tools"
"Mobile.Terminal.add","添加","Add"
"Mobile.Terminal.addAgent","添加智能体","Add Agent"
"Mobile.Terminal.addDevice","添加搭子灵珠","Add Buddy Lingzhu"
"Mobile.Terminal.addDeviceDesc","通过蓝牙查找并连接","Find and connect via Bluetooth"
"Mobile.Terminal.addEmailFirst","请先添加接收邮箱","Add a recipient email first"
"Mobile.Terminal.addFailed","添加失败","Failed to add"
"Mobile.Terminal.addMonitorContent","+ 添加监控内容","+ Add Monitor Content"
"Mobile.Terminal.addPhoneFirst","请先添加接收手机号","Add a recipient phone number first"
"Mobile.Terminal.added","已添加","Added"
"Mobile.Terminal.adding","添加中...","Adding..."
"Mobile.Terminal.agentIdMissing","设备未关联智能体","Device is not linked to an agent"
"Mobile.Terminal.agentPlugin","Agent插件","Agent Plugin"
"Mobile.Terminal.alarmChannelApp","APP","App"
"Mobile.Terminal.alarmChannelSms","短信","SMS"
"Mobile.Terminal.alarmNotify","告警通知","Alarm Notification"
"Mobile.Terminal.allMessages","全部","All"
"Mobile.Terminal.allTime","全部时间","All Time"
"Mobile.Terminal.audioPlayFailed","音频播放失败","Audio playback failed"
"Mobile.Terminal.autoRecord","自动记录","Auto Record"
"Mobile.Terminal.autoRecordDesc","开启后全天候自动监听会议；关闭后需在对话界面点击开始/结束会议","Auto-listen to meetings all day when on; otherwise start/end manually in chat"
"Mobile.Terminal.buyNow","购买","Buy"
"Mobile.Terminal.clearMessages","清空会话记录","Clear Conversation History"
"Mobile.Terminal.clearMessagesConfirm","清空后历史会话消息将无法恢复，确定清空？","Conversation history cannot be recovered after clearing. Continue?"
"Mobile.Terminal.clearMessagesConfirmBtn","清空","Clear"
"Mobile.Terminal.clearMessagesFailed","清空失败，请稍后重试","Failed to clear, please try again later"
"Mobile.Terminal.clearMessagesSuccess","清空成功","Conversation history cleared"
"Mobile.Terminal.clearingMessages","清空中…","Clearing..."
"Mobile.Terminal.computerDeviceName","我的电脑","My Computer"
"Mobile.Terminal.computerName","电脑名称","Computer Name"
"Mobile.Terminal.computerTerminal","电脑终端","Computer Terminal"
"Mobile.Terminal.connected","已连接","Connected"
"Mobile.Terminal.currentMembers","当前组员","Current Members"
"Mobile.Terminal.deleteDevice","删除设备","Delete Device"
"Mobile.Terminal.deleteDeviceConfirm","确定要删除设备吗？","Are you sure you want to delete this device?"
"Mobile.Terminal.deleteDeviceConfirmTitle","提示","Tip"
"Mobile.Terminal.deleteDeviceFailed","删除失败，请稍后重试","Delete failed, please try again later"
"Mobile.Terminal.deleteDeviceSuccess","删除成功","Delete succeeded"
"Mobile.Terminal.deleteMeetingConfirm","删除后，会议录音、转写和纪要将无法恢复，确定删除？","The recording, transcript, and summary cannot be recovered after deletion. Delete this meeting record?"
"Mobile.Terminal.deleteMeetingTitle","删除会议记录","Delete Meeting Record"
"Mobile.Terminal.deleteMonitoringConfirm","删除后，监控录音和转写内容将无法恢复，确定删除？","The recording and transcript cannot be recovered after deletion. Delete this monitor record?"
"Mobile.Terminal.deleteMonitoringTitle","删除监控记录","Delete Monitor Record"
"Mobile.Terminal.deletingDevice","删除中…","Deleting..."
"Mobile.Terminal.deviceDetail","设备详情","Device Details"
"Mobile.Terminal.deviceIconInvalidType","请选择 JPG、JPEG、PNG 或 SVG 格式的图片","Please choose a JPG, JPEG, PNG, or SVG image"
"Mobile.Terminal.deviceIconTooLarge","图片大小不能超过 2MB","Image size must not exceed 2MB"
"Mobile.Terminal.deviceIconUpdated","设备图标已更新","Device icon updated"
"Mobile.Terminal.deviceIconUploadFailed","设备图标上传失败","Failed to upload device icon"
"Mobile.Terminal.deviceInfoFailedRetry","设备信息加载失败，点击重试","Failed to load device details. Tap to retry"
"Mobile.Terminal.deviceName","搭子名称","Buddy Name"
"Mobile.Terminal.deviceNamePlaceholder","请输入设备名称","Enter device name"
"Mobile.Terminal.devicePendingConfirm","待设备确认","Pending device confirmation"
"Mobile.Terminal.deviceProfileEditTitle","编辑设备资料","Edit Device Profile"
"Mobile.Terminal.deviceProfileName","设备名称","Device Name"
"Mobile.Terminal.deviceProfileUnavailable","设备资料暂不可编辑","Device profile is unavailable"
"Mobile.Terminal.deviceProfileUpdateFailed","设备资料更新失败","Failed to update device profile"
"Mobile.Terminal.deviceProfileUpdated","设备资料已更新","Device profile updated"
"Mobile.Terminal.deviceRole","角色设定","Role"
"Mobile.Terminal.deviceRolePlaceholder","请输入角色设定","Enter role settings"
"Mobile.Terminal.deviceSettings","设备设置","Device Settings"
"Mobile.Terminal.deviceUnbound","已解绑","Unbound"
"Mobile.Terminal.disconnected","未连接","Disconnected"
"Mobile.Terminal.done","完成","Done"
"Mobile.Terminal.download","下载","Download"
"Mobile.Terminal.downloadDone","已下载到本地","Saved to device"
"Mobile.Terminal.downloadFailed","下载失败，请重试","Download failed, try again"
"Mobile.Terminal.downloadOpenFailed","下载完成，但无应用可打开","Downloaded, but no app available to open"
"Mobile.Terminal.downloadUnsupported","暂不支持下载","Download not supported yet"
"Mobile.Terminal.downloading","下载中","Downloading"
"Mobile.Terminal.emailRecipientLabel","邮箱地址","Email addresses"
"Mobile.Terminal.emailRecipientPh","请输入邮箱，多个用逗号分隔","Separate multiple emails with commas"
"Mobile.Terminal.emailRecipientTitle","接收邮箱","Recipient Emails"
"Mobile.Terminal.emailRecipientsHelp","支持添加多个邮箱，请用逗号分隔","You can add multiple email addresses separated by commas"
"Mobile.Terminal.emailRequired","请至少添加一个邮箱","Add at least one email address"
"Mobile.Terminal.endMeeting","结束会议","End Meeting"
"Mobile.Terminal.endMeetingFailed","结束会议失败","Failed to end meeting"
"Mobile.Terminal.endMeetingSuccess","结束会议成功","Meeting ended"
"Mobile.Terminal.endingMeeting","结束会议中...","Ending meeting..."
"Mobile.Terminal.eventEmojiBind","智能体事件表情绑定","Agent Event Emoji Binding"
"Mobile.Terminal.eventEmojiDefault","默认","Default"
"Mobile.Terminal.eventEmojiLoadFailed","事件表情加载失败","Failed to load event emoji"
"Mobile.Terminal.eventEmojiPickTitle","选择表情","Choose Emotion"
"Mobile.Terminal.eventEmojiReset","默认表情","Default Emoji"
"Mobile.Terminal.eventEmojiUpdateFailed","事件表情更新失败","Failed to update event emoji"
"Mobile.Terminal.fetchComputerFailed","电脑列表获取失败","Failed to load computers"
"Mobile.Terminal.fetchDevicesFailed","设备列表获取失败","Failed to load devices"
"Mobile.Terminal.fetchDevicesFailedRetry","设备列表加载失败，点击重试","Failed to load devices. Tap to retry"
"Mobile.Terminal.fetchMeetingsFailed","会议获取失败","Failed to load meetings"
"Mobile.Terminal.fetchMessagesFailed","消息获取失败","Failed to load messages"
"Mobile.Terminal.fetchMonitorFailed","监控记录获取失败","Failed to load monitoring records"
"Mobile.Terminal.filterAll","全部","All"
"Mobile.Terminal.filterOffline","离线","Offline"
"Mobile.Terminal.filterOnline","在线","Online"
"Mobile.Terminal.groupManageTip","管理灵珠智能体组成员","Manage Lingzhu agent group members"
"Mobile.Terminal.groupMemberUnit","位智能体成员","agent members"
"Mobile.Terminal.groupMembers","组员管理","Group Members"
"Mobile.Terminal.groupSettings","群组设置","Group Settings"
"Mobile.Terminal.installed","已安装","Installed"
"Mobile.Terminal.invalidEmail","请输入正确的邮箱地址，多个邮箱请用逗号分隔","Enter valid email addresses separated by commas"
"Mobile.Terminal.invalidPhone","请输入正确的手机号，多个号码请用逗号分隔","Enter valid phone numbers separated by commas"
"Mobile.Terminal.lingzhuDetail","灵珠详情","Lingzhu Details"
"Mobile.Terminal.lingzhuTerminal","搭子终端","Buddy Terminal"
"Mobile.Terminal.loadCandidatesFailed","加载候选失败","Failed to load candidates"
"Mobile.Terminal.loadMembersFailed","加载组员失败","Failed to load members"
"Mobile.Terminal.loading","加载中...","Loading..."
"Mobile.Terminal.loginTip","登录后可绑定并管理设备","Log in to bind and manage devices"
"Mobile.Terminal.meetingDateLabel","日期","Date"
"Mobile.Terminal.meetingDeleteUnavailable","会议处理中，暂时无法删除","This meeting is still processing and cannot be deleted"
"Mobile.Terminal.meetingDetail","会议详情","Meeting Detail"
"Mobile.Terminal.meetingDurationLabel","时长","Duration"
"Mobile.Terminal.meetingParticipantsLabel","人员","People"
"Mobile.Terminal.meetingPush","会议推送","Meeting Push"
"Mobile.Terminal.meetingRecords","会议记录","Meeting Records"
"Mobile.Terminal.messages","消息通知","Messages"
"Mobile.Terminal.modeChat","对话模式","Chat Mode"
"Mobile.Terminal.modeMeeting","会议模式","Meeting Mode"
"Mobile.Terminal.modeMonitor","监控模式","Monitor Mode"
"Mobile.Terminal.modeSelect","模式选择","Mode"
"Mobile.Terminal.modeSwitch","模式切换","Switch Mode"
"Mobile.Terminal.modeSwitchFailed","模式切换失败","Failed to switch mode"
"Mobile.Terminal.monitorContent","监控内容","Monitor Content"
"Mobile.Terminal.monitorContentAddTitle","添加监控内容","Add Monitor Content"
"Mobile.Terminal.monitorContentDeleteConfirm","确定删除该监控内容吗？","Delete this monitor content?"
"Mobile.Terminal.monitorContentDeleteFailed","删除失败，请稍后重试","Failed to delete, please try again later"
"Mobile.Terminal.monitorContentDeleted","已删除","Deleted"
"Mobile.Terminal.monitorContentDisabledToast","已关闭","Disabled"
"Mobile.Terminal.monitorContentEditTitle","编辑监控内容","Edit Monitor Content"
"Mobile.Terminal.monitorContentEnabledToast","已开启","Enabled"
"Mobile.Terminal.monitorContentKeywordsEmpty","请输入至少一个关键词","Please enter at least one keyword"
"Mobile.Terminal.monitorContentKeywordsLabel","关键词","Keywords"
"Mobile.Terminal.monitorContentKeywordsPh","多个关键词请用逗号分隔","Separate multiple keywords with commas"
"Mobile.Terminal.monitorContentSaveFailed","保存失败，请稍后重试","Failed to save, please try again later"
"Mobile.Terminal.monitorContentSaved","已保存","Saved"
"Mobile.Terminal.monitorContentTab","监控内容","Monitor Content"
"Mobile.Terminal.monitorContentTitleEmpty","请输入监控标题","Please enter a title"
"Mobile.Terminal.monitorContentTitleLabel","监控标题","Title"
"Mobile.Terminal.monitorContentTitlePh","请输入监控标题","Enter a title"
"Mobile.Terminal.monitorDetail","监控详情","Monitor Details"
"Mobile.Terminal.monitorRecords","监控记录","Monitor Records"
"Mobile.Terminal.monitorSettingsLoadFailed","监控设置加载失败","Failed to load monitoring settings"
"Mobile.Terminal.monitorSettingsUpdateFailed","监控设置更新失败","Failed to update monitoring settings"
"Mobile.Terminal.monitorStatusActive","监控进行中","Monitoring"
"Mobile.Terminal.monitorStatusEnded","正常结束","Ended normally"
"Mobile.Terminal.monitorStatusIncomplete","异常中断","Interrupted"
"Mobile.Terminal.monitoring","监控中","Monitoring"
"Mobile.Terminal.monitoringDeleteUnavailable","监控进行中，请先关闭监控","Stop monitoring before deleting this record"
"Mobile.Terminal.moreSettings","更多设置","More Settings"
"Mobile.Terminal.myComputer","我的电脑","My Computer"
"Mobile.Terminal.nameUpdated","名称已更新","Name updated"
"Mobile.Terminal.noCandidates","暂无可添加的智能体","No agents available to add"
"Mobile.Terminal.noComputer","暂无电脑","No computers"
"Mobile.Terminal.noDevices","暂无绑定设备，点击下方添加","No devices yet. Add one below"
"Mobile.Terminal.noMeetingRecords","暂无会议记录","No meeting records"
"Mobile.Terminal.noMembers","暂无组员","No members yet"
"Mobile.Terminal.noMessages","暂无消息","No messages"
"Mobile.Terminal.noMonitorContent","暂无监控内容","No monitoring content"
"Mobile.Terminal.noMonitorRecords","暂无监控记录","No monitor records"
"Mobile.Terminal.noMore","没有更多了","No more"
"Mobile.Terminal.noOfflineDevices","暂无离线设备","No offline devices"
"Mobile.Terminal.noOnlineDevices","暂无在线设备","No online devices"
"Mobile.Terminal.noSummary","纪要尚未生成","Summary not ready"
"Mobile.Terminal.noTranscript","暂无转写内容","No transcript"
"Mobile.Terminal.notInstalled","未安装","Not Installed"
"Mobile.Terminal.offlineConfigDisabled","设备未连接或已解绑，模式切换和音量调节暂不可用","When disconnected or unbound, mode switching and volume control are unavailable"
"Mobile.Terminal.openChat","打开对话","Open Chat"
"Mobile.Terminal.orderDeviceInfo","设备信息","Device Information"
"Mobile.Terminal.orderPay","下单支付","Order and Pay"
"Mobile.Terminal.orderPlaced","已下单","Order placed"
"Mobile.Terminal.orderSubmitting","提交中...","Submitting..."
"Mobile.Terminal.pendingConfirmConfigDisabled","设备待确认，模式切换和音量调节暂不可用","Device confirmation is pending; mode and volume controls are unavailable"
"Mobile.Terminal.peopleUnit","人","people"
"Mobile.Terminal.phoneRequired","请至少添加一个手机号","Add at least one phone number"
"Mobile.Terminal.processFailed","处理失败","Processing failed"
"Mobile.Terminal.processing","处理中","Processing"
"Mobile.Terminal.productName","灵珠","Lingzhu"
"Mobile.Terminal.productSub","五色石桌面玩偶 · 语音哄睡 · 48h续航","Five-color desktop buddy · Sleep voice · 48h battery"
"Mobile.Terminal.pushChannelApp","APP消息","App Push"
"Mobile.Terminal.pushChannelDingtalk","钉钉","DingTalk"
"Mobile.Terminal.pushChannelEmail","邮箱","Email"
"Mobile.Terminal.pushChannelFeishu","IM-飞书","Feishu"
"Mobile.Terminal.pushChannelWecom","企业微信","WeCom"
"Mobile.Terminal.pushSettingFailed","推送设置更新失败","Failed to update push settings"
"Mobile.Terminal.pushSettingLoadFailed","推送设置加载失败","Failed to load push settings"
"Mobile.Terminal.quickActions","快捷操作","Quick Actions"
"Mobile.Terminal.rangeThisMonth","本月","This month"
"Mobile.Terminal.rangeThisWeek","本周","This week"
"Mobile.Terminal.rangeToday","今天","Today"
"Mobile.Terminal.receiverAddressPlaceholder","省 / 市 / 区 · 详细地址","State / City / District · Street address"
"Mobile.Terminal.receiverNamePlaceholder","请输入收货人姓名","Enter recipient name"
"Mobile.Terminal.receiverPhonePlaceholder","请输入手机号码","Enter phone number"
"Mobile.Terminal.recipientSaveFailed","接收人保存失败，请稍后重试","Failed to save recipients. Try again later"
"Mobile.Terminal.recipientSaved","接收人已保存","Recipients saved"
"Mobile.Terminal.recordDeleteFailed","删除失败，请稍后重试","Delete failed. Please try again later."
"Mobile.Terminal.recordDeleteSuccess","删除成功","Deleted successfully"
"Mobile.Terminal.remove","移除","Remove"
"Mobile.Terminal.removeFailed","移除失败","Failed to remove"
"Mobile.Terminal.removeNotSupported","暂不支持移除","Remove is not supported yet"
"Mobile.Terminal.removed","已移除","Removed"
"Mobile.Terminal.removing","移除中...","Removing..."
"Mobile.Terminal.renameFailed","名称修改失败","Rename failed"
"Mobile.Terminal.renameNotSupported","当前设备不支持改名","This device does not support renaming"
"Mobile.Terminal.replay","回放","Replay"
"Mobile.Terminal.reprocess","重试处理","Retry"
"Mobile.Terminal.reprocessFailed","重试处理失败","Retry failed"
"Mobile.Terminal.reprocessStarted","已重新处理","Reprocessing started"
"Mobile.Terminal.reprovision","重新配网","Re-setup"
"Mobile.Terminal.reprovisionTip","为设备更换 WiFi 网络","Switch the device to a new WiFi network"
"Mobile.Terminal.searchKeyword","搜索关键词...","Search keywords..."
"Mobile.Terminal.searchMeeting","搜索会议...","Search meetings..."
"Mobile.Terminal.smsRecipientsHelp","支持添加多个手机号，请用逗号分隔","You can add multiple phone numbers separated by commas"
"Mobile.Terminal.smsRecipientsLabel","手机号","Phone numbers"
"Mobile.Terminal.smsRecipientsPh","请输入手机号，多个用逗号分隔","Separate multiple numbers with commas"
"Mobile.Terminal.smsRecipientsTitle","短信接收人","SMS Recipients"
"Mobile.Terminal.speaker","说话人","Speaker"
"Mobile.Terminal.startConversation","开始会话","Start Conversation"
"Mobile.Terminal.startMeeting","开始会议","Start Meeting"
"Mobile.Terminal.startMeetingFailed","开启会议失败","Failed to start meeting"
"Mobile.Terminal.startMeetingSuccess","开启会议成功","Meeting started"
"Mobile.Terminal.startingMeeting","开启会议中...","Starting meeting..."
"Mobile.Terminal.statusUnknown","状态未知","Status Unknown"
"Mobile.Terminal.summaryTab","纪要","Summary"
"Mobile.Terminal.switchOff","关","Off"
"Mobile.Terminal.switchOn","开","On"
"Mobile.Terminal.transcriptTab","转写","Transcript"
"Mobile.Terminal.ttsRate","语速设置","Speech Rate"
"Mobile.Terminal.ttsVoice","播报音色","Voice"
"Mobile.Terminal.ttsVoiceDefault","默认","Default"
"Mobile.Terminal.ttsVoicePreview","试听","Preview"
"Mobile.Terminal.ttsVoicePreviewStop","停止","Stop"
"Mobile.Terminal.unbindCancel","取消","Cancel"
"Mobile.Terminal.unbindConfirm","解绑后设备将断开与账号的连接，确定解绑？","The device will be disconnected from your account. Continue?"
"Mobile.Terminal.unbindConfirmBtn","解绑","Unbind"
"Mobile.Terminal.unbindDevice","解绑设备","Unbind Device"
"Mobile.Terminal.unbindDeviceId","设备编号","Device ID"
"Mobile.Terminal.unbindDeviceName","设备名称","Device name"
"Mobile.Terminal.unbindDeviceStatus","当前状态","Current status"
"Mobile.Terminal.unbindFailed","解绑失败","Unbind failed"
"Mobile.Terminal.unbindSuccess","已解绑","Unbound"
"Mobile.Terminal.unbindTitle","解绑设备","Unbind Device"
"Mobile.Terminal.unbinding","解绑中...","Unbinding..."
"Mobile.Terminal.unknownSpeaker","未知说话人","Unknown speaker"
"Mobile.Terminal.unreadOnly","未读","Unread"
"Mobile.Terminal.untitledMeeting","未命名会议","Untitled meeting"
"Mobile.Terminal.untitledMonitoring","未命名监控","Untitled monitoring"
"Mobile.Terminal.viewDetail","查看详情","View Details"
"Mobile.Terminal.voiceBroadcast","语音播报","Voice Broadcast"
"Mobile.Terminal.voiceSettingsLoadFailed","语音设置加载失败","Failed to load voice settings"
"Mobile.Terminal.voiceSettingsUpdateFailed","语音设置更新失败","Failed to update voice settings"
"Mobile.Terminal.voiceSwitch","语音播报开关","Voice Broadcast"
"Mobile.Terminal.voiceVolume","语音音量","Voice Volume"
"Mobile.Terminal.volumeHigh","高","High"
"Mobile.Terminal.volumeLow","低","Low"
"Mobile.Terminal.wakeTip","通过 ""你好灵珠"" 唤醒搭子","Wake buddy with ""Hi Lingzhu"""
"Mobile.Terminal.wakeWord","唤醒词","Wake Word"
"Mobile.Terminal.wakeWordPlaceholder","请输入唤醒词","Enter wake word"
"Mobile.ThirdParty.AliyunCaptcha.title","阿里云验证码","Aliyun Captcha"
"Mobile.ThirdParty.MpHtml.callArguments","调用参数","Call arguments"
"Mobile.ThirdParty.MpHtml.callResult","调用结果","Call result"
"Mobile.ThirdParty.MpHtml.copyCode","复制代码","Copy code"
"Mobile.ThirdParty.MpHtml.emptyResult","结果为空","Result is empty"
"Mobile.ThirdParty.MpHtml.executionPlan","执行计划","Execution plan"
"Mobile.ThirdParty.MpHtml.itemCount","项","items"
"Mobile.ThirdParty.MpHtml.saveSuccess","保存成功","Saved successfully"
"Mobile.ThirdParty.MpHtml.toolCall","工具调用","Tool Calls"
"Mobile.ThirdParty.UniAiX.invalidMessageContent","消息内容不是字符串","Message content is not a string"
"Mobile.ThirdParty.UniCaptcha.defaultTitle","请输入验证码","Enter verification code"
"Mobile.ThirdParty.UniCaptcha.fillCaptcha","请填写验证码","Please enter the verification code"
"Mobile.ThirdParty.UniCaptcha.sceneRequired","scene不能为空","Scene is required"
"Mobile.ThirdParty.XTools.getServiceFailed","获取服务失败，不支持该操作","Failed to get service. This action is not supported"
"Mobile.ThirdParty.XTools.saveFailed","保存失败","Save failed"
"Mobile.ThirdParty.XTools.saveSuccess","保存成功","Saved successfully"
"Mobile.ThirdParty.XTools.wechatUnsupported","当前环境不支持微信操作","WeChat operation is not supported in the current environment"
"Mobile.Time.dayBeforeYesterday","前天","The day before yesterday"
"Mobile.Time.daysAgo","{count}天前","{count} days ago"
"Mobile.Time.hoursAgo","{count}小时前","{count} hours ago"
"Mobile.Time.justNow","刚刚","Just now"
"Mobile.Time.lastYear","去年","Last year"
"Mobile.Time.minutesAgo","{count}分钟前","{count} minutes ago"
"Mobile.Time.monthDay","{month}月{day}日","{month}/{day}"
"Mobile.Time.monthsAgo","{count}月前","{count} months ago"
"Mobile.Time.yearMonthDay","{year}年{month}月{day}日","{year}/{month}/{day}"
"Mobile.Time.yearsAgo","{count}年前","{count} years ago"
"Mobile.Time.yesterday","昨天","Yesterday"
"Mobile.Voice.autoPlay","自动播报回复","Auto-play replies"
"Mobile.Voice.autoPlayDesc","AI 回复生成时自动语音播报","Automatically play AI replies as they generate"
"Mobile.Voice.autoPlayOff","已关闭自动播报","Auto-play disabled"
"Mobile.Voice.autoPlayOn","已开启自动播报","Auto-play enabled"
"Mobile.Voice.connecting","正在连接","Connecting..."
"Mobile.Voice.conversationActiveError","会话正在进行中，请先暂停现有会话","Conversation is active. Pause the current session first."
"Mobile.Voice.filterSection","朗读内容过滤","Content Filter"
"Mobile.Voice.goToSettings","去设置","Go to settings"
"Mobile.Voice.holdToTalk","按住说话","Hold to talk"
"Mobile.Voice.includeCodeBlocks","朗读代码块","Read code blocks"
"Mobile.Voice.includeCodeBlocksDesc","播报时包含代码内容（默认跳过）","Include code content in playback (skipped by default)"
"Mobile.Voice.includeLinkUrl","朗读链接地址","Read link URLs"
"Mobile.Voice.includeLinkUrlDesc","播报链接的完整地址（默认只读链接文字）","Read full link URLs (link text only by default)"
"Mobile.Voice.includeThinkContent","朗读思考内容","Read thinking aloud"
"Mobile.Voice.includeThinkContentDesc","播报时包含 AI 的思考过程","Include AI thinking process in playback"
"Mobile.Voice.keepEmoji","保留表情符号","Keep emoji"
"Mobile.Voice.keepEmojiDesc","播报时保留 emoji（默认过滤）","Keep emoji in playback (filtered by default)"
"Mobile.Voice.noSpeakableContent","暂无可朗读的内容","No speakable content"
"Mobile.Voice.noSpeechDetected","未识别到文字","No speech detected"
"Mobile.Voice.permissionContent","录音功能需要访问你的麦克风，请在设置中允许录音权限","Recording needs microphone access. Allow permission in settings."
"Mobile.Voice.permissionRequired","需要录音权限","Recording permission required"
"Mobile.Voice.playLatest","播放最新回复","Play latest reply"
"Mobile.Voice.playbackSection","播报","Playback"
"Mobile.Voice.recognizing","语音识别中","Recognizing speech..."
"Mobile.Voice.recordFailed","录音失败","Recording failed"
"Mobile.Voice.releaseToEnd","松开结束识别","Release to finish"
"Mobile.Voice.serviceNotReady","音频上传服务未初始化","Audio upload service not initialized"
"Mobile.Voice.settingsTitle","语音设置","Voice Settings"
"Mobile.Voice.stopPlaying","停止播放","Stop playback"
"Mobile.Webview.aiReading","AI读取网页内容中...","AI is reading the webpage..."
"Mobile.Webview.defaultTitle","扩展页面","Extension Page"
"Mobile.Webview.loadFailed","页面加载失败","Failed to load page"
